time,open,close,high,low,volume,amount,avg
2026-09-09 09:30:00,24.12,24.12,24.12,24.12,2790.0,6729142.0,24.12
2026-09-09 09:31:00,24.2,24.12,24.53,24.08,6626.0,16057362.0,24.2
2026-09-09 09:32:00,24.06,24.49,24.49,24.01,5181.0,12490555.0,24.167
2026-09-09 09:33:00,24.4,24.37,24.55,24.37,1699.0,4157440.0,24.199
2026-09-09 09:34:00,24.35,24.42,24.44,24.34,2250.0,5485135.0,24.221
2026-09-09 09:35:00,24.47,24.54,24.69,24.4,1620.0,3972582.0,24.246
2026-09-09 09:36:00,24.57,24.33,24.57,24.33,1085.0,2654517.0,24.257
2026-09-09 09:37:00,24.38,24.28,24.46,24.28,1766.0,4298284.0,24.264
2026-09-09 09:38:00,24.28,24.4,24.46,24.26,1358.0,3303879.0,24.268
2026-09-09 09:39:00,24.4,24.79,24.79,24.4,1515.0,3715423.0,24.283
2026-09-09 09:40:00,24.82,24.68,24.9,24.68,1085.0,2689027.0,24.303
2026-09-09 09:41:00,24.75,24.93,24.97,24.75,800.0,1987946.0,24.319
2026-09-09 09:42:00,24.91,24.79,24.93,24.79,1044.0,2593963.0,24.338
2026-09-09 09:43:00,24.8,25.0,25.0,24.8,2888.0,7189702.0,24.389
2026-09-09 09:44:00,25.03,25.1,25.2,25.03,1282.0,3224342.0,24.419
2026-09-09 09:45:00,25.15,25.11,25.19,25.1,1157.0,2910790.0,24.444
2026-09-09 09:46:00,25.11,25.03,25.13,25.0,963.0,2416113.0,24.462
2026-09-09 09:47:00,25.13,25.2,25.2,25.03,511.0,1282795.0,24.471
2026-09-09 09:48:00,25.23,25.35,25.38,25.21,904.0,2285998.0,24.491
2026-09-09 09:49:00,25.35,25.13,25.39,25.13,867.0,2194115.0,24.51
2026-09-09 09:50:00,25.11,25.01,25.11,25.01,569.0,1425953.0,24.519
2026-09-09 09:51:00,25.02,25.13,25.15,25.02,876.0,2194672.0,24.531
2026-09-09 09:52:00,25.1,24.91,25.1,24.9,1359.0,3401323.0,24.548
2026-09-09 09:53:00,24.91,25.26,25.26,24.91,1170.0,2935529.0,24.563
2026-09-09 09:54:00,25.3,25.22,25.3,25.2,730.0,1843823.0,24.575
2026-09-09 09:55:00,25.19,25.25,25.26,25.15,252.0,636338.0,24.579
2026-09-09 09:56:00,25.27,25.15,25.27,25.15,638.0,1607021.0,24.588
2026-09-09 09:57:00,25.15,25.1,25.15,25.06,573.0,1438235.0,24.595
2026-09-09 09:58:00,25.1,25.12,25.18,25.08,379.0,951112.0,24.6
2026-09-09 09:59:00,25.18,25.54,25.7,25.18,1667.0,4235270.0,24.629
2026-09-09 10:00:00,25.68,25.77,25.88,25.48,3295.0,8479845.0,24.704
2026-09-09 10:01:00,25.72,25.72,25.75,25.66,933.0,2398030.0,24.723
2026-09-09 10:02:00,25.76,25.96,25.99,25.75,3295.0,8538705.0,24.797
2026-09-09 10:03:00,25.98,25.87,25.99,25.86,1396.0,3621562.0,24.826
2026-09-09 10:04:00,25.87,25.92,25.92,25.82,1340.0,3466808.0,24.851
2026-09-09 10:05:00,25.94,25.97,26.09,25.93,1786.0,4647628.0,24.887
2026-09-09 10:06:00,26.03,25.93,26.04,25.93,1112.0,2891732.0,24.909
2026-09-09 10:07:00,25.93,25.78,25.93,25.75,706.0,1823140.0,24.919
2026-09-09 10:08:00,25.78,25.9,25.9,25.78,861.0,2226515.0,24.933
2026-09-09 10:09:00,25.85,25.64,25.85,25.64,527.0,1359681.0,24.94
2026-09-09 10:10:00,25.62,25.78,25.78,25.53,619.0,1586428.0,24.947
2026-09-09 10:11:00,25.78,25.7,25.78,25.7,387.0,996831.0,24.952
2026-09-09 10:12:00,25.71,25.67,25.71,25.61,140.0,359028.0,24.954
2026-09-09 10:13:00,25.66,25.62,25.66,25.6,354.0,908620.0,24.958
2026-09-09 10:14:00,25.62,25.68,25.7,25.62,404.0,1038585.0,24.962
2026-09-09 10:15:00,25.7,25.72,25.72,25.68,185.0,474695.0,24.964
2026-09-09 10:16:00,25.72,25.62,25.72,25.62,372.0,955267.0,24.969
2026-09-09 10:17:00,25.62,25.69,25.69,25.61,357.0,915027.0,24.972
2026-09-09 10:18:00,25.69,25.97,25.98,25.69,620.0,1605410.0,24.981
2026-09-09 10:19:00,25.97,25.96,25.97,25.9,1210.0,3138124.0,24.999
2026-09-09 10:20:00,25.98,26.16,26.17,25.98,1607.0,4187328.0,25.024
2026-09-09 10:21:00,26.18,26.3,26.38,26.15,2090.0,5477616.0,25.06
2026-09-09 10:22:00,26.39,26.26,26.43,26.26,1543.0,4065453.0,25.088
2026-09-09 10:23:00,26.26,26.19,26.26,26.1,615.0,1607290.0,25.097
2026-09-09 10:24:00,26.15,26.31,26.31,26.12,1202.0,3153878.0,25.116
2026-09-09 10:25:00,26.31,26.4,26.45,26.31,2361.0,6226427.0,25.156
2026-09-09 10:26:00,26.4,26.05,26.4,26.05,1327.0,3486459.0,25.175
2026-09-09 10:27:00,26.03,26.07,26.16,26.01,368.0,960245.0,25.18
2026-09-09 10:28:00,26.1,26.11,26.2,26.07,312.0,814984.0,25.183
2026-09-09 10:29:00,26.1,26.04,26.1,26.04,239.0,623246.0,25.186
2026-09-09 10:30:00,26.03,25.93,26.04,25.89,279.0,726625.0,25.189
2026-09-09 10:31:00,25.93,26.07,26.07,25.93,277.0,719084.0,25.192
2026-09-09 10:32:00,26.04,25.99,26.07,25.99,270.0,702218.0,25.195
2026-09-09 10:33:00,25.9,26.09,26.09,25.86,302.0,784370.0,25.198
2026-09-09 10:34:00,26.09,26.06,26.11,26.02,151.0,393088.0,25.2
2026-09-09 10:35:00,26.06,26.03,26.09,26.01,196.0,509525.0,25.202
2026-09-09 10:36:00,26.03,26.08,26.08,26.03,585.0,1522496.0,25.208
2026-09-09 10:37:00,26.06,26.2,26.2,26.06,523.0,1366291.0,25.214
2026-09-09 10:38:00,26.2,26.37,26.39,26.2,657.0,1727876.0,25.223
2026-09-09 10:39:00,26.35,26.2,26.43,26.2,1040.0,2743077.0,25.237
2026-09-09 10:40:00,26.3,26.42,26.42,26.21,581.0,1529682.0,25.245
2026-09-09 10:41:00,26.43,26.7,26.7,26.43,1704.0,4524288.0,25.272
2026-09-09 10:42:00,26.68,26.68,26.8,26.68,1991.0,5327685.0,25.306
2026-09-09 10:43:00,26.75,26.99,26.99,26.75,2475.0,6647792.0,25.35
2026-09-09 10:44:00,27.0,26.93,27.06,26.93,3192.0,8619106.0,25.407
2026-09-09 10:45:00,26.93,26.98,26.98,26.84,1257.0,3383006.0,25.428
2026-09-09 10:46:00,26.95,27.14,27.2,26.9,1797.0,4859952.0,25.459
2026-09-09 10:47:00,27.11,27.13,27.18,27.0,1925.0,5223925.0,25.492
2026-09-09 10:48:00,27.13,27.13,27.13,26.84,1908.0,5165945.0,25.523
2026-09-09 10:49:00,27.13,27.4,27.4,27.13,1775.0,4825166.0,25.552
2026-09-09 10:50:00,27.44,27.25,27.47,27.25,1977.0,5413543.0,25.588
2026-09-09 10:51:00,27.25,27.14,27.25,27.08,1032.0,2798779.0,25.603
2026-09-09 10:52:00,27.14,27.07,27.2,27.07,511.0,1387782.0,25.611
2026-09-09 10:53:00,27.12,26.98,27.12,26.91,847.0,2286863.0,25.622
2026-09-09 10:54:00,26.94,26.86,27.0,26.81,777.0,2090376.0,25.631
2026-09-09 10:55:00,26.86,26.82,26.88,26.8,397.0,1063796.0,25.636
2026-09-09 10:56:00,26.82,26.68,26.82,26.67,499.0,1332155.0,25.641
2026-09-09 10:57:00,26.67,26.97,26.97,26.67,487.0,1307065.0,25.646
2026-09-09 10:58:00,26.97,26.62,26.97,26.61,749.0,2003469.0,25.654
2026-09-09 10:59:00,26.61,26.41,26.63,26.4,695.0,1842972.0,25.66
2026-09-09 11:00:00,26.49,26.51,26.58,26.41,179.0,474657.0,25.661
2026-09-09 11:01:00,26.53,26.5,26.58,26.5,348.0,923925.0,25.664
2026-09-09 11:02:00,26.5,26.4,26.59,26.4,747.0,1979770.0,25.67
2026-09-09 11:03:00,26.39,26.5,26.52,26.33,860.0,2268006.0,25.675
2026-09-09 11:04:00,26.43,26.22,26.43,26.21,437.0,1149905.0,25.678
2026-09-09 11:05:00,26.3,26.22,26.3,26.11,597.0,1565075.0,25.681
2026-09-09 11:06:00,26.2,26.22,26.22,26.16,241.0,631101.0,25.682
2026-09-09 11:07:00,26.16,26.43,26.43,26.16,196.0,515027.0,25.683
2026-09-09 11:08:00,26.43,26.26,26.43,26.22,172.0,452264.0,25.684
2026-09-09 11:09:00,26.35,26.43,26.43,26.35,98.0,259307.0,25.684
2026-09-09 11:10:00,26.43,26.35,26.43,26.35,140.0,369918.0,25.685
2026-09-09 11:11:00,26.36,26.05,26.36,26.05,476.0,1246394.0,25.687
2026-09-09 11:12:00,26.05,26.26,26.34,26.0,801.0,2087437.0,25.69
2026-09-09 11:13:00,26.01,26.05,26.1,26.01,395.0,1028355.0,25.691
2026-09-09 11:14:00,26.18,26.24,26.24,26.07,524.0,1372478.0,25.693
2026-09-09 11:15:00,26.25,26.4,26.41,26.23,386.0,1015830.0,25.696
2026-09-09 11:16:00,26.4,26.28,26.4,26.28,172.0,452202.0,25.697
2026-09-09 11:17:00,26.26,26.19,26.26,26.19,186.0,488881.0,25.697
2026-09-09 11:18:00,26.17,26.24,26.24,26.17,154.0,402382.0,25.698
2026-09-09 11:19:00,26.26,26.4,26.4,26.26,1352.0,3557446.0,25.705
2026-09-09 11:20:00,26.39,26.37,26.4,26.37,284.0,749175.0,25.707
2026-09-09 11:21:00,26.35,26.3,26.35,26.3,145.0,381533.0,25.708
2026-09-09 11:22:00,26.3,26.3,26.35,26.3,415.0,1090320.0,25.71
2026-09-09 11:23:00,26.35,26.49,26.49,26.35,1991.0,5254622.0,25.721
2026-09-09 11:24:00,26.48,26.5,26.56,26.48,616.0,1633629.0,25.725
2026-09-09 11:25:00,26.48,26.2,26.49,26.2,428.0,1129406.0,25.727
2026-09-09 11:26:00,26.2,26.22,26.22,26.2,42.0,110452.0,25.728
2026-09-09 11:27:00,26.22,26.2,26.33,26.2,175.0,459217.0,25.728
2026-09-09 11:28:00,26.12,26.2,26.2,26.12,192.0,501699.0,25.729
2026-09-09 11:29:00,26.21,26.26,26.26,26.21,107.0,280169.0,25.729
2026-09-09 11:30:00,26.22,26.23,26.26,26.22,50.0,132104.0,25.73
2026-09-09 13:01:00,26.2,26.2,26.2,26.2,113.0,297436.0,25.73
2026-09-09 13:02:00,26.2,26.18,26.2,26.18,76.0,199099.0,25.73
2026-09-09 13:03:00,26.15,26.05,26.15,26.05,174.0,453304.0,25.731
2026-09-09 13:04:00,26.05,26.04,26.06,26.03,86.0,225015.0,25.731
2026-09-09 13:05:00,26.06,26.14,26.14,26.06,35.0,90974.0,25.731
2026-09-09 13:06:00,26.12,26.0,26.12,26.0,426.0,1110651.0,25.732
2026-09-09 13:07:00,25.92,25.99,26.0,25.92,76.0,197092.0,25.732
2026-09-09 13:08:00,26.0,25.97,26.0,25.97,72.0,186697.0,25.733
2026-09-09 13:09:00,25.96,25.84,25.96,25.83,497.0,1286463.0,25.733
2026-09-09 13:10:00,25.95,25.94,25.95,25.88,93.0,241542.0,25.733
2026-09-09 13:11:00,25.95,25.96,25.96,25.95,525.0,1362064.0,25.734
2026-09-09 13:12:00,25.95,25.96,25.96,25.95,78.0,202801.0,25.735
2026-09-09 13:13:00,25.95,25.9,25.96,25.89,71.0,184260.0,25.735
2026-09-09 13:14:00,25.9,25.89,25.9,25.88,187.0,485246.0,25.735
2026-09-09 13:15:00,25.9,25.9,25.9,25.89,78.0,201291.0,25.735
2026-09-09 13:16:00,25.92,25.94,25.94,25.92,10.0,27053.0,25.735
2026-09-09 13:17:00,25.96,25.95,25.96,25.95,89.0,230924.0,25.735
2026-09-09 13:18:00,25.95,25.96,25.96,25.95,133.0,345527.0,25.735
2026-09-09 13:19:00,25.96,26.2,26.2,25.96,959.0,2490087.0,25.737
2026-09-09 13:20:00,26.2,26.14,26.24,26.1,101.0,264980.0,25.738
2026-09-09 13:21:00,26.08,26.1,26.14,26.07,60.0,156160.0,25.738
2026-09-09 13:22:00,26.1,26.2,26.2,26.1,197.0,514713.0,25.738
2026-09-09 13:23:00,26.19,26.06,26.19,26.0,212.0,553605.0,25.739
2026-09-09 13:24:00,26.06,25.96,26.06,25.96,112.0,291005.0,25.739
2026-09-09 13:25:00,25.9,26.05,26.05,25.89,323.0,838693.0,25.74
2026-09-09 13:26:00,26.05,26.05,26.05,26.03,66.0,171207.0,25.74
2026-09-09 13:27:00,26.04,26.02,26.04,26.0,71.0,183962.0,25.74
2026-09-09 13:28:00,26.0,25.96,26.0,25.96,320.0,832771.0,25.741
2026-09-09 13:29:00,25.96,25.92,25.96,25.92,131.0,338806.0,25.741
2026-09-09 13:30:00,25.93,25.95,25.96,25.92,110.0,285174.0,25.741
2026-09-09 13:31:00,25.96,25.99,25.99,25.94,89.0,231722.0,25.741
2026-09-09 13:32:00,26.0,26.19,26.2,26.0,335.0,871310.0,25.742
2026-09-09 13:33:00,26.19,26.17,26.19,26.17,44.0,115153.0,25.742
2026-09-09 13:34:00,26.11,26.07,26.12,26.07,198.0,516398.0,25.743
2026-09-09 13:35:00,26.07,26.03,26.09,26.02,92.0,238944.0,25.743
2026-09-09 13:36:00,26.02,26.07,26.09,26.02,133.0,345586.0,25.743
2026-09-09 13:37:00,26.06,26.01,26.06,26.01,151.0,392519.0,25.744
2026-09-09 13:38:00,26.01,25.98,26.03,25.98,104.0,269466.0,25.744
2026-09-09 13:39:00,25.98,26.02,26.02,25.98,103.0,269083.0,25.744
2026-09-09 13:40:00,26.03,26.17,26.17,26.03,84.0,218775.0,25.744
2026-09-09 13:41:00,26.16,26.32,26.32,26.16,247.0,647465.0,25.745
2026-09-09 13:42:00,26.31,26.24,26.33,26.24,279.0,734500.0,25.747
2026-09-09 13:43:00,26.25,26.18,26.33,26.17,444.0,1166906.0,25.748
2026-09-09 13:44:00,26.15,26.18,26.18,26.15,224.0,584917.0,25.749
2026-09-09 13:45:00,26.19,26.2,26.3,26.19,19.0,50627.0,25.749
2026-09-09 13:46:00,26.2,26.28,26.29,26.2,111.0,290451.0,25.75
2026-09-09 13:47:00,26.26,26.25,26.28,26.22,201.0,526822.0,25.75
2026-09-09 13:48:00,26.25,26.33,26.33,26.25,116.0,304772.0,25.751
2026-09-09 13:49:00,26.36,26.58,26.58,26.36,229.0,606197.0,25.752
2026-09-09 13:50:00,26.58,26.8,26.8,26.58,1039.0,2779539.0,25.76
2026-09-09 13:51:00,26.8,26.71,26.8,26.58,428.0,1140406.0,25.763
2026-09-09 13:52:00,26.71,26.85,26.86,26.71,366.0,980557.0,25.766
2026-09-09 13:53:00,26.9,27.0,27.08,26.9,1866.0,5038714.0,25.783
2026-09-09 13:54:00,26.99,26.93,26.99,26.84,621.0,1669617.0,25.788
2026-09-09 13:55:00,26.93,27.06,27.06,26.86,782.0,2104732.0,25.795
2026-09-09 13:56:00,27.07,26.8,27.07,26.8,624.0,1681512.0,25.8
2026-09-09 13:57:00,26.8,26.72,26.82,26.69,346.0,925578.0,25.803
2026-09-09 13:58:00,26.72,26.69,26.72,26.68,268.0,716672.0,25.804
2026-09-09 13:59:00,26.65,26.6,26.65,26.6,83.0,221330.0,25.805
2026-09-09 14:00:00,26.61,26.71,26.71,26.59,251.0,668871.0,25.806
2026-09-09 14:01:00,26.71,26.53,26.72,26.5,650.0,1727830.0,25.81
2026-09-09 14:02:00,26.5,26.8,26.8,26.5,487.0,1297451.0,25.813
2026-09-09 14:03:00,26.8,26.6,26.8,26.6,193.0,515152.0,25.814
2026-09-09 14:04:00,26.61,26.57,26.61,26.57,102.0,271100.0,25.815
2026-09-09 14:05:00,26.61,26.61,26.61,26.55,16.0,41785.0,25.815
2026-09-09 14:06:00,26.68,26.69,26.74,26.68,110.0,292999.0,25.816
2026-09-09 14:07:00,26.68,26.95,26.95,26.68,295.0,789414.0,25.818
2026-09-09 14:08:00,26.95,26.78,26.96,26.76,382.0,1029263.0,25.821
2026-09-09 14:09:00,26.8,26.62,26.85,26.62,228.0,610252.0,25.823
2026-09-09 14:10:00,26.6,26.68,26.7,26.6,75.0,200919.0,25.823
2026-09-09 14:11:00,26.62,26.5,26.67,26.5,245.0,650602.0,25.824
2026-09-09 14:12:00,26.41,26.48,26.49,26.41,154.0,407158.0,25.825
2026-09-09 14:13:00,26.48,26.5,26.5,26.45,283.0,750593.0,25.826
2026-09-09 14:14:00,26.48,26.59,26.59,26.48,122.0,324370.0,25.827
2026-09-09 14:15:00,26.56,26.59,26.6,26.56,109.0,289195.0,25.828
2026-09-09 14:16:00,26.6,26.51,26.6,26.51,219.0,582538.0,25.829
2026-09-09 14:17:00,26.54,26.54,26.54,26.54,4.0,10509.0,25.829
2026-09-09 14:18:00,26.52,26.42,26.52,26.42,261.0,689970.0,25.83
2026-09-09 14:19:00,26.49,26.52,26.52,26.49,83.0,218962.0,25.83
2026-09-09 14:20:00,26.58,26.59,26.59,26.58,31.0,81664.0,25.831
2026-09-09 14:21:00,26.58,26.54,26.6,26.54,78.0,207868.0,25.831
2026-09-09 14:22:00,26.53,26.5,26.53,26.5,69.0,183404.0,25.831
2026-09-09 14:23:00,26.49,26.51,26.53,26.46,136.0,359686.0,25.832
2026-09-09 14:24:00,26.44,26.5,26.51,26.44,163.0,431676.0,25.833
2026-09-09 14:25:00,26.44,26.53,26.53,26.44,241.0,638251.0,25.834
2026-09-09 14:26:00,26.53,26.65,26.65,26.53,386.0,1026236.0,25.836
2026-09-09 14:27:00,26.68,26.61,26.68,26.6,55.0,147124.0,25.836
2026-09-09 14:28:00,26.61,26.55,26.61,26.55,140.0,370963.0,25.837
2026-09-09 14:29:00,26.54,26.6,26.6,26.53,306.0,812502.0,25.838
2026-09-09 14:30:00,26.61,26.5,26.61,26.5,142.0,377563.0,25.839
2026-09-09 14:31:00,26.45,26.39,26.49,26.38,271.0,715380.0,25.84
2026-09-09 14:32:00,26.38,26.2,26.38,26.17,171.0,449116.0,25.841
2026-09-09 14:33:00,26.2,26.15,26.2,26.15,318.0,833203.0,25.842
2026-09-09 14:34:00,26.12,26.39,26.39,26.12,231.0,604968.0,25.842
2026-09-09 14:35:00,26.22,26.38,26.38,26.2,105.0,277746.0,25.842
2026-09-09 14:36:00,26.38,26.26,26.38,26.26,127.0,334315.0,25.843
2026-09-09 14:37:00,26.26,26.36,26.36,26.24,176.0,461874.0,25.843
2026-09-09 14:38:00,26.36,26.34,26.37,26.34,178.0,469024.0,25.844
2026-09-09 14:39:00,26.34,26.24,26.34,26.24,329.0,862942.0,25.845
2026-09-09 14:40:00,26.32,26.24,26.33,26.24,206.0,541469.0,25.846
2026-09-09 14:41:00,26.23,26.26,26.26,26.21,108.0,284153.0,25.846
2026-09-09 14:42:00,26.28,26.28,26.29,26.25,466.0,1222896.0,25.847
2026-09-09 14:43:00,26.28,26.35,26.35,26.28,216.0,567304.0,25.848
2026-09-09 14:44:00,26.37,26.48,26.49,26.37,146.0,385403.0,25.849
2026-09-09 14:45:00,26.48,26.48,26.49,26.4,286.0,757115.0,25.85
2026-09-09 14:46:00,26.48,26.29,26.48,26.29,424.0,1117617.0,25.851
2026-09-09 14:47:00,26.3,26.34,26.34,26.28,304.0,800501.0,25.852
2026-09-09 14:48:00,26.31,26.27,26.34,26.27,176.0,462416.0,25.853
2026-09-09 14:49:00,26.3,26.48,26.48,26.28,259.0,681488.0,25.854
2026-09-09 14:50:00,26.4,26.47,26.49,26.31,412.0,1087985.0,25.855
2026-09-09 14:51:00,26.28,26.24,26.41,26.24,871.0,2292085.0,25.858
2026-09-09 14:52:00,26.3,26.35,26.39,26.27,153.0,403908.0,25.859
2026-09-09 14:53:00,26.36,26.36,26.36,26.33,462.0,1217799.0,25.86
2026-09-09 14:54:00,26.36,26.34,26.37,26.3,791.0,2083897.0,25.863
2026-09-09 14:55:00,26.36,26.44,26.44,26.35,330.0,871238.0,25.864
2026-09-09 14:56:00,26.44,26.45,26.57,26.44,1498.0,3968547.0,25.87
2026-09-09 14:57:00,26.44,26.41,26.46,26.38,1215.0,3210241.0,25.874
2026-09-09 14:58:00,26.41,26.41,26.41,26.41,0.0,0.0,25.874
2026-09-09 14:59:00,26.41,26.41,26.41,26.41,0.0,0.0,25.874
2026-09-09 15:00:00,26.39,26.39,26.39,26.39,2291.0,6046687.0,25.882
