date,open,close,high,low,volume
2025-09-09,1250.962,1245.528,1271.964,1239.938,1120618700.0
2025-09-10,1253.504,1259.096,1272.915,1246.263,989643700.0
2025-09-11,1254.19,1326.033,1332.759,1244.139,1354350400.0
2025-09-12,1324.844,1338.018,1360.066,1323.447,1369601100.0
2025-09-15,1362.851,1340.397,1366.46,1332.426,1424889500.0
2025-09-16,1347.196,1358.047,1370.286,1347.196,1158610900.0
2025-09-17,1351.637,1370.43,1378.873,1338.953,1256012000.0
2025-09-18,1385.503,1380.351,1433.574,1351.137,1742902500.0
2025-09-19,1388.859,1362.649,1400.694,1359.286,1213906200.0
2025-09-22,1361.255,1408.645,1422.741,1353.715,1265197300.0
2025-09-23,1406.607,1407.302,1419.284,1364.441,1518367400.0
2025-09-24,1395.374,1456.469,1479.704,1394.685,1978034100.0
2025-09-25,1449.655,1474.487,1486.43,1448.686,1654722000.0
2025-09-26,1461.953,1450.824,1485.876,1448.961,1725102900.0
2025-09-29,1448.545,1470.414,1470.414,1424.841,1541410700.0
2025-09-30,1488.293,1495.288,1505.907,1478.423,1473150600.0
2025-10-09,1526.918,1539.081,1588.833,1522.786,2214971600.0
2025-10-10,1511.164,1452.675,1512.339,1444.985,1797651300.0
2025-10-13,1409.684,1473.017,1476.13,1409.684,1677396600.0
2025-10-14,1488.048,1410.3,1489.168,1399.967,1846890800.0
2025-10-15,1409.527,1429.997,1430.28,1390.989,1288930800.0
2025-10-16,1419.553,1416.575,1444.231,1409.7,1089813700.0
2025-10-17,1411.74,1363.168,1415.658,1360.449,1167923100.0
2025-10-20,1390.71,1367.899,1397.733,1358.686,936950300.0
2025-10-21,1374.983,1406.318,1410.071,1368.006,951331300.0
2025-10-22,1392.588,1405.407,1424.232,1380.976,816675700.0
2025-10-23,1396.091,1401.256,1403.94,1375.746,777447300.0
2025-10-24,1421.209,1462.222,1466.85,1416.462,1081786200.0
2025-10-27,1489.663,1484.206,1491.107,1457.649,1320700300.0
2025-10-28,1470.484,1471.731,1496.064,1463.463,1085480600.0
2025-10-29,1466.439,1489.123,1495.381,1465.311,1266585900.0
2025-10-30,1485.937,1461.3,1494.402,1461.3,1358141800.0
2025-10-31,1451.057,1415.525,1452.239,1415.525,1407525200.0
2025-11-03,1403.456,1400.859,1406.009,1372.254,1343344200.0
2025-11-04,1406.864,1387.239,1415.734,1378.642,1078230200.0
2025-11-05,1355.722,1390.395,1398.368,1355.722,1180566100.0
2025-11-06,1405.154,1436.858,1442.812,1403.073,1370438500.0
2025-11-07,1420.229,1415.686,1434.387,1414.468,1319918500.0
2025-11-10,1422.322,1407.558,1431.766,1389.774,1344762300.0
2025-11-11,1416.858,1387.534,1423.679,1385.067,1175212700.0
2025-11-12,1377.147,1379.452,1388.508,1362.378,1272404100.0
2025-11-13,1376.369,1399.292,1404.629,1373.493,1211163000.0
2025-11-14,1379.437,1361.232,1390.62,1361.232,1152590000.0
2025-11-17,1363.478,1354.038,1377.547,1344.908,1130595500.0
2025-11-18,1350.507,1357.926,1374.032,1348.1,1153598500.0
2025-11-19,1355.131,1344.796,1363.855,1338.451,900613000.0
2025-11-20,1362.852,1328.186,1364.482,1327.294,774703900.0
2025-11-21,1300.479,1285.83,1311.324,1282.454,1007064900.0
2025-11-24,1295.88,1296.602,1306.044,1273.492,881365300.0
2025-11-25,1309.674,1302.167,1323.205,1298.854,827302300.0
2025-11-26,1296.455,1315.041,1327.536,1293.185,781582700.0
2025-11-27,1325.849,1310.701,1351.436,1308.847,803048900.0
2025-11-28,1307.962,1327.149,1329.327,1303.199,882469200.0
2025-12-01,1329.422,1336.756,1341.95,1310.424,1119198600.0
2025-12-02,1334.002,1320.156,1335.746,1315.464,762146400.0
2025-12-03,1317.582,1308.367,1324.706,1303.338,702705800.0
2025-12-04,1303.993,1326.165,1326.226,1294.758,677877100.0
2025-12-05,1319.723,1326.101,1330.586,1303.716,709168600.0
2025-12-08,1325.97,1350.795,1360.711,1325.738,831105000.0
2025-12-09,1338.845,1347.105,1358.899,1337.318,705705700.0
2025-12-10,1337.524,1346.703,1350.653,1317.711,827364000.0
2025-12-11,1349.669,1325.831,1350.867,1325.831,812499600.0
2025-12-12,1324.3,1348.881,1351.558,1314.011,1218971100.0
2025-12-15,1333.361,1318.906,1343.781,1318.53,847012000.0
2025-12-16,1313.526,1293.382,1317.154,1286.252,733072600.0
2025-12-17,1294.697,1325.335,1327.761,1289.235,773892100.0
2025-12-18,1314.665,1305.966,1323.676,1305.966,627046500.0
2025-12-19,1314.75,1308.589,1323.86,1306.796,643658500.0
2025-12-22,1314.066,1335.245,1338.145,1314.066,801867000.0
2025-12-23,1333.539,1340.015,1348.538,1331.385,762758600.0
2025-12-24,1342.128,1352.126,1352.743,1332.916,733909000.0
2025-12-25,1347.784,1349.058,1356.604,1339.966,726230500.0
2025-12-26,1346.109,1345.827,1356.108,1339.141,852160100.0
2025-12-29,1345.98,1346.319,1364.272,1341.942,1039029700.0
2025-12-30,1346.132,1359.873,1367.007,1346.029,794150500.0
2025-12-31,1367.166,1344.2,1368.48,1342.683,730691500.0
2026-01-05,1360.897,1403.414,1403.535,1360.897,1034546600.0
2026-01-06,1401.789,1429.302,1442.104,1400.405,1182033200.0
2026-01-07,1442.507,1443.388,1452.045,1427.98,1233854800.0
2026-01-08,1441.186,1455.173,1483.231,1441.186,1348228800.0
2026-01-09,1442.224,1475.968,1477.239,1437.577,1330640500.0
2026-01-12,1490.499,1511.836,1515.107,1478.847,1567591900.0
2026-01-13,1508.183,1469.57,1511.653,1460.409,1523474700.0
2026-01-14,1479.295,1500.911,1532.578,1479.295,1777974500.0
2026-01-15,1491.232,1493.945,1504.844,1468.024,1408817300.0
2026-01-16,1509.7,1514.068,1528.783,1495.679,1676577600.0
2026-01-19,1513.59,1506.857,1525.122,1502.725,1287625700.0
2026-01-20,1508.367,1482.994,1525.809,1473.194,1403065800.0
2026-01-21,1482.658,1535.393,1546.049,1482.658,1444741400.0
2026-01-22,1563.38,1541.638,1574.966,1530.245,1521219400.0
2026-01-23,1530.285,1553.707,1553.707,1523.501,2124468700.0
2026-01-26,1556.568,1532.796,1575.452,1529.316,2123161200.0
2026-01-27,1530.07,1555.978,1562.579,1507.406,1978728100.0
2026-01-28,1566.188,1554.804,1569.435,1535.905,1554361000.0
2026-01-29,1550.989,1507.64,1560.645,1507.299,1640834400.0
2026-01-30,1501.512,1509.402,1522.329,1465.324,1486558300.0
2026-02-02,1492.811,1450.898,1508.543,1450.098,1315396700.0
2026-02-03,1475.568,1471.069,1478.051,1430.004,1389145900.0
2026-02-04,1452.976,1453.476,1455.124,1432.597,1563905000.0
2026-02-05,1423.662,1432.522,1441.163,1416.265,1519927800.0
2026-02-06,1415.047,1422.406,1440.808,1405.874,1303509900.0
2026-02-09,1453.54,1458.163,1458.927,1441.897,1574783900.0
2026-02-10,1463.348,1471.498,1485.966,1463.348,1177039100.0
2026-02-11,1461.999,1455.114,1467.281,1453.006,897850900.0
2026-02-12,1463.609,1480.995,1481.979,1454.628,1001520900.0
2026-02-13,1470.259,1470.333,1492.086,1466.707,989661600.0
2026-02-24,1493.453,1465.365,1493.774,1453.55,1029596900.0
2026-02-25,1468.511,1473.285,1481.291,1454.413,1107588300.0
2026-02-26,1478.726,1485.865,1494.749,1456.033,1115413400.0
2026-02-27,1468.078,1488.023,1493.524,1463.731,999977200.0
2026-03-02,1459.776,1464.772,1486.549,1459.51,1342734800.0
2026-03-03,1467.764,1388.41,1469.603,1385.593,1430240300.0
2026-03-04,1380.13,1381.558,1407.003,1376.111,1070558500.0
2026-03-05,1418.883,1405.353,1423.612,1397.755,1100698600.0
2026-03-06,1396.594,1414.394,1422.001,1396.594,969054900.0
2026-03-09,1373.817,1390.483,1398.245,1351.883,1184009400.0
2026-03-10,1417.259,1420.539,1424.719,1402.631,1215340300.0
2026-03-11,1421.352,1401.084,1427.095,1400.447,1297367900.0
2026-03-12,1397.779,1383.652,1412.525,1372.975,1175919300.0
2026-03-13,1374.65,1373.636,1392.434,1365.622,1200226300.0
2026-03-16,1370.703,1384.987,1386.554,1349.272,1095376200.0
2026-03-17,1386.26,1354.153,1390.844,1354.153,918465500.0
2026-03-18,1363.54,1372.576,1373.857,1348.23,979986600.0
2026-03-19,1348.553,1339.034,1354.721,1333.68,1105292300.0
2026-03-20,1344.93,1318.307,1347.367,1317.405,1409109800.0
2026-03-23,1292.892,1261.438,1305.793,1254.848,1424810100.0
2026-03-24,1281.579,1290.791,1291.918,1249.011,1171663000.0
2026-03-25,1299.631,1315.412,1326.649,1299.626,1100570500.0
2026-03-26,1313.965,1288.807,1316.455,1285.384,863177000.0
2026-03-27,1265.531,1300.756,1308.945,1265.531,860307000.0
2026-03-30,1278.993,1289.78,1294.543,1269.319,935720400.0
2026-03-31,1283.899,1256.327,1296.034,1256.327,958319000.0
2026-04-01,1290.638,1298.198,1302.871,1282.313,982646100.0
2026-04-02,1294.63,1262.182,1294.63,1254.625,758811400.0
2026-04-03,1270.936,1256.21,1272.837,1254.759,670642100.0
2026-04-07,1261.711,1274.015,1286.53,1261.711,632234900.0
2026-04-08,1317.276,1352.689,1352.689,1316.634,1142256800.0
2026-04-09,1335.287,1343.946,1362.907,1333.012,784651000.0
2026-04-10,1363.577,1364.495,1382.937,1362.397,847165900.0
2026-04-13,1358.463,1375.287,1396.003,1358.463,901889400.0
2026-04-14,1398.4,1405.072,1409.848,1387.418,930265900.0
2026-04-15,1415.392,1406.322,1433.354,1399.754,954766300.0
2026-04-16,1406.319,1422.228,1424.173,1402.196,1000577100.0
2026-04-17,1414.873,1423.351,1433.795,1413.576,963505300.0
2026-04-20,1426.893,1450.521,1451.39,1426.034,1127584600.0
2026-04-21,1445.204,1426.677,1445.539,1415.599,965157000.0
2026-04-22,1420.776,1451.139,1451.461,1420.244,980596100.0
2026-04-23,1466.124,1432.592,1467.699,1419.009,1144654000.0
2026-04-24,1443.037,1453.685,1472.957,1417.206,1141340600.0
2026-04-27,1478.314,1508.385,1515.282,1466.664,1356053800.0
2026-04-28,1497.322,1488.661,1525.342,1479.673,1192550800.0
2026-04-29,1474.117,1493.505,1495.009,1451.712,1145722100.0
2026-04-30,1511.388,1571.065,1580.515,1511.388,1510961200.0
2026-05-06,1634.313,1656.946,1715.081,1631.651,1830104800.0
2026-05-07,1663.159,1678.887,1682.222,1646.944,1393006300.0
2026-05-08,1653.311,1640.46,1655.572,1625.608,1500507400.0
2026-05-11,1687.643,1716.691,1727.305,1669.733,1829405800.0
2026-05-12,1708.211,1723.784,1747.172,1687.963,1692708900.0
2026-05-13,1684.368,1770.147,1771.492,1677.544,1777324700.0
2026-05-14,1792.342,1725.093,1800.606,1723.699,2107102300.0
2026-05-15,1724.355,1696.261,1769.804,1669.987,2160121400.0
2026-05-18,1690.382,1709.963,1748.104,1684.901,1591395600.0
2026-05-19,1697.402,1775.135,1776.256,1670.358,1710436800.0
2026-05-20,1764.213,1832.022,1835.221,1764.213,1845254200.0
2026-05-21,1866.287,1764.174,1892.595,1759.939,2127403800.0
2026-05-22,1790.744,1790.771,1797.649,1747.139,1760391900.0
2026-05-25,1791.67,1896.037,1899.967,1774.194,2149793700.0
2026-05-26,1877.388,1867.709,1880.648,1824.322,1940888500.0
2026-05-27,1875.422,1815.451,1901.966,1809.705,2160969900.0
2026-05-28,1805.113,1844.249,1854.52,1796.035,2154008000.0
2026-05-29,1850.273,1751.323,1855.256,1727.621,2343137400.0
2026-06-01,1751.232,1663.694,1753.02,1662.821,1694183400.0
2026-06-02,1676.309,1690.558,1710.98,1641.167,1557622000.0
2026-06-03,1697.659,1726.181,1776.202,1697.36,1682555400.0
2026-06-04,1700.312,1738.059,1759.984,1697.221,1496770100.0
2026-06-05,1706.531,1668.329,1735.078,1659.479,1683570900.0
2026-06-08,1587.969,1596.566,1634.033,1578.179,1570749900.0
2026-06-09,1630.232,1663.109,1666.481,1607.578,1409895800.0
2026-06-10,1662.846,1652.224,1722.334,1632.327,1591172500.0
2026-06-11,1644.603,1662.436,1676.531,1631.936,1422069400.0
2026-06-12,1726.005,1663.221,1730.893,1656.845,2101856700.0
2026-06-15,1687.67,1748.326,1748.512,1658.324,1614093800.0
2026-06-16,1751.705,1758.424,1766.138,1729.037,1501821800.0
2026-06-17,1729.228,1840.821,1841.365,1725.901,1801831300.0
2026-06-18,1837.07,1911.513,1937.301,1836.038,1771099900.0
2026-06-22,1922.474,1948.928,1963.327,1879.59,1919133400.0
2026-06-23,1929.266,1916.212,1982.906,1890.163,1813729500.0
2026-06-24,1896.341,1989.426,1997.905,1886.741,1853252800.0
2026-06-25,2004.775,2066.331,2076.882,2000.801,1851003200.0
2026-06-26,2034.433,2032.284,2076.465,1976.923,1969517000.0
2026-06-29,2039.667,2126.011,2127.801,2013.512,2066148400.0
2026-06-30,2132.882,2207.865,2214.613,2113.95,1961786100.0
2026-07-01,2205.656,2153.043,2255.248,2120.363,2258095400.0
2026-07-02,2059.898,1987.291,2105.291,1978.32,2091336300.0
2026-07-03,1978.755,1975.6,2039.306,1948.172,1758380800.0
2026-07-06,2015.181,1996.103,2022.91,1913.822,1651199700.0
2026-07-07,1965.795,2001.586,2039.598,1950.979,1397325000.0
2026-07-08,2022.451,2016.233,2078.642,1961.638,1572058800.0
2026-07-09,2047.238,2185.825,2188.982,2023.544,1858060500.0
2026-07-10,2190.178,2064.976,2233.538,2064.976,2307342900.0
2026-07-13,2038.362,1994.319,2110.179,1974.055,1833793700.0
2026-07-14,1994.44,2009.73,2026.471,1895.555,1601395000.0
2026-07-15,2021.578,1924.274,2028.652,1908.178,1428193300.0
2026-07-16,1869.936,1846.877,1947.247,1828.573,1422678200.0
2026-07-17,1829.981,1715.404,1844.379,1698.323,1662902400.0
2026-07-20,1764.593,1718.69,1776.073,1646.387,1798479300.0
2026-07-21,1747.49,1903.161,1904.858,1663.85,1951274500.0
2026-07-22,1874.779,1860.085,1934.605,1836.107,1623861100.0
2026-07-23,1876.613,1789.694,1876.986,1770.532,1192426900.0
2026-07-24,1766.259,1787.196,1831.276,1748.797,1017752600.0
2026-07-27,1780.72,1807.951,1816.43,1724.466,1034729700.0
2026-07-28,1755.867,1693.479,1797.584,1675.988,1088394400.0
2026-07-29,1704.585,1678.738,1711.579,1608.141,1421853500.0
2026-07-30,1653.467,1588.415,1671.509,1561.996,1469567500.0
2026-07-31,1721.355,1635.962,1731.206,1635.685,1450741000.0
2026-08-03,1619.294,1552.89,1621.993,1549.739,1233498600.0
2026-08-04,1569.623,1616.358,1631.012,1556.112,1134434300.0
2026-08-05,1615.261,1693.668,1715.276,1615.261,1295646900.0
2026-08-06,1651.108,1701.292,1727.735,1651.108,1201717800.0
2026-08-07,1697.37,1744.024,1747.737,1686.661,1214141800.0
2026-08-10,1740.136,1737.774,1752.931,1704.084,1081717400.0
2026-08-11,1713.258,1709.503,1753.137,1699.915,1183017500.0
2026-08-12,1720.364,1736.991,1747.945,1709.164,974254400.0
2026-08-13,1763.456,1717.748,1782.782,1715.335,1057752500.0
2026-08-14,1738.817,1717.679,1741.347,1690.675,868513900.0
2026-08-17,1721.546,1788.85,1788.85,1718.605,1084756500.0
2026-08-18,1786.369,1790.874,1798.779,1753.971,1117992100.0
2026-08-19,1738.913,1667.516,1748.523,1653.668,1222798500.0
2026-08-20,1685.483,1652.972,1694.364,1638.295,914402500.0
2026-08-21,1649.283,1653.555,1675.823,1640.623,697536500.0
2026-08-24,1651.881,1602.337,1651.96,1575.275,860190900.0
2026-08-25,1584.516,1604.593,1622.205,1564.765,717135100.0
2026-08-26,1605.741,1632.02,1644.72,1598.441,743031500.0
2026-08-27,1646.841,1693.48,1697.029,1637.332,1010735900.0
2026-08-28,1684.723,1662.149,1711.994,1661.484,800500900.0
2026-08-31,1623.201,1684.387,1684.387,1620.361,969677500.0
2026-09-01,1679.895,1647.535,1684.021,1646.637,753350200.0
2026-09-02,1623.527,1617.597,1635.763,1607.187,708155700.0
2026-09-03,1634.52,1611.165,1636.315,1596.624,604415200.0
2026-09-04,1627.951,1577.361,1637.101,1566.873,753925100.0
2026-09-07,1596.578,1615.531,1626.759,1579.024,794538400.0
2026-09-08,1614.188,1590.995,1624.688,1585.124,675919200.0
2026-09-09,1608.198,1580.059,1609.702,1573.033,580633600.0
