code,name,list_date,source
920268,N百迈科,2026-09-09,akshare:stock_xgsglb_em
301699,N洛轴,2026-09-09,akshare:stock_xgsglb_em
920269,杰锋动力,2026-09-07,akshare:stock_xgsglb_em
603448,天博智能,2026-09-07,akshare:stock_xgsglb_em
920289,华汇智能,2026-09-04,akshare:stock_xgsglb_em
920071,金钛股份,2026-09-03,akshare:stock_xgsglb_em
301688,格林生物,2026-09-02,akshare:stock_xgsglb_em
601123,马矿股份,2026-09-01,akshare:stock_xgsglb_em
301697,贝特利,2026-09-01,akshare:stock_xgsglb_em
920288,华大海天,2026-08-28,akshare:stock_xgsglb_em
688835,高凯技术,2026-08-25,akshare:stock_xgsglb_em
920093,信胜科技,2026-08-21,akshare:stock_xgsglb_em
301655,绿控传动,2026-08-20,akshare:stock_xgsglb_em
920059,双英集团,2026-08-19,akshare:stock_xgsglb_em
688836,宇树科技,2026-08-19,akshare:stock_xgsglb_em
688826,频准激光,2026-08-18,akshare:stock_xgsglb_em
920107,恒兴股份,2026-08-17,akshare:stock_xgsglb_em
920138,杰理科技,2026-08-12,akshare:stock_xgsglb_em
301717,超纯应材,2026-08-11,akshare:stock_xgsglb_em
920165,珈凯生物,2026-08-11,akshare:stock_xgsglb_em
