fund_code,fund_name,stock_code,stock_name,market,report_date,weight_pct,shares_10k,value_10k_reported,industry,concepts,market_tags,holdings_source_id,industry_source_id,concept_source_ids,classification_status
002910,易方达供给改革混合,688200,华峰测控,SH,2026-06-30,9.15,245.15,128727.21,,[],[],d943627cbaca4c97f05b97bd,,[],unavailable
002910,易方达供给改革混合,002371,北方华创,SZ,2026-06-30,8.82,140.36,124160.03,,[],[],d943627cbaca4c97f05b97bd,,[],unavailable
002910,易方达供给改革混合,688233,神工股份,SH,2026-06-30,7.21,473.32,101490.0,,[],[],d943627cbaca4c97f05b97bd,,[],unavailable
002910,易方达供给改革混合,688521,芯原股份,SH,2026-06-30,6.56,248.87,92366.65,,[],[],d943627cbaca4c97f05b97bd,,[],unavailable
002910,易方达供给改革混合,688256,寒武纪,SH,2026-06-30,6.42,56.6,90307.17,,[],[],d943627cbaca4c97f05b97bd,,[],unavailable
002910,易方达供给改革混合,688361,中科飞测,SH,2026-06-30,6.37,208.61,89704.11,,[],[],d943627cbaca4c97f05b97bd,,[],unavailable
002910,易方达供给改革混合,688372,伟测科技,SH,2026-06-30,5.31,402.21,74810.65,,[],[],d943627cbaca4c97f05b97bd,,[],unavailable
002910,易方达供给改革混合,688652,京仪装备,SH,2026-06-30,3.69,259.77,51997.76,,[],[],d943627cbaca4c97f05b97bd,,[],unavailable
002910,易方达供给改革混合,688409,富创精密,SH,2026-06-30,3.17,145.79,44647.33,,[],[],d943627cbaca4c97f05b97bd,,[],unavailable
002910,易方达供给改革混合,301018,申菱环境,SZ,2026-06-30,2.7,329.2,38058.34,,[],[],d943627cbaca4c97f05b97bd,,[],unavailable
002910,易方达供给改革混合,603259,药明康德,SH,2026-06-30,2.36,267.17,33265.34,,[],[],d943627cbaca4c97f05b97bd,,[],unavailable
002910,易方达供给改革混合,300604,长川科技,SZ,2026-06-30,2.28,93.9,32059.51,,[],[],d943627cbaca4c97f05b97bd,,[],unavailable
002910,易方达供给改革混合,688596,正帆科技,SH,2026-06-30,2.04,362.93,28693.06,,[],[],d943627cbaca4c97f05b97bd,,[],unavailable
002910,易方达供给改革混合,300820,英杰电气,SZ,2026-06-30,1.88,293.4,26473.06,,[],[],d943627cbaca4c97f05b97bd,,[],unavailable
002910,易方达供给改革混合,300666,江丰电子,SZ,2026-06-30,1.85,70.58,26015.6,,[],[],d943627cbaca4c97f05b97bd,,[],unavailable
002910,易方达供给改革混合,688785,恒运昌,SH,2026-06-30,1.82,53.04,25674.11,,[],[],d943627cbaca4c97f05b97bd,,[],unavailable
002910,易方达供给改革混合,300567,精测电子,SZ,2026-06-30,1.74,76.93,24432.62,,[],[],d943627cbaca4c97f05b97bd,,[],unavailable
002910,易方达供给改革混合,603995,甬金股份,SH,2026-06-30,1.47,893.22,20731.66,,[],[],d943627cbaca4c97f05b97bd,,[],unavailable
002910,易方达供给改革混合,002536,飞龙股份,SZ,2026-06-30,1.42,422.78,19946.59,,[],[],d943627cbaca4c97f05b97bd,,[],unavailable
002910,易方达供给改革混合,688605,先锋精科,SH,2026-06-30,1.26,170.68,17754.51,,[],[],d943627cbaca4c97f05b97bd,,[],unavailable
002910,易方达供给改革混合,600660,福耀玻璃,SH,2026-06-30,0.78,216.36,10913.1,,[],[],d943627cbaca4c97f05b97bd,,[],unavailable
002910,易方达供给改革混合,002444,巨星科技,SZ,2026-06-30,0.76,345.17,10734.79,,[],[],d943627cbaca4c97f05b97bd,,[],unavailable
002910,易方达供给改革混合,688610,埃科光电,SH,2026-06-30,0.5,26.51,6982.08,,[],[],d943627cbaca4c97f05b97bd,,[],unavailable
002910,易方达供给改革混合,300037,新宙邦,SZ,2026-06-30,0.49,74.87,6951.59,,[],[],d943627cbaca4c97f05b97bd,,[],unavailable
002910,易方达供给改革混合,688352,颀中科技,SH,2026-06-30,0.47,275.47,6660.9,,[],[],d943627cbaca4c97f05b97bd,,[],unavailable
002910,易方达供给改革混合,603005,晶方科技,SH,2026-06-30,0.43,111.61,6012.43,,[],[],d943627cbaca4c97f05b97bd,,[],unavailable
002910,易方达供给改革混合,301039,中集车辆,SZ,2026-06-30,0.27,547.37,3858.96,,[],[],d943627cbaca4c97f05b97bd,,[],unavailable
002910,易方达供给改革混合,688170,德龙激光,SH,2026-06-30,0.2,28.98,2782.29,,[],[],d943627cbaca4c97f05b97bd,,[],unavailable
002910,易方达供给改革混合,600348,华阳股份,SH,2026-06-30,0.16,296.53,2268.45,,[],[],d943627cbaca4c97f05b97bd,,[],unavailable
002910,易方达供给改革混合,688809,强一股份,SH,2026-06-30,0.06,1.26,787.35,,[],[],d943627cbaca4c97f05b97bd,,[],unavailable
002910,易方达供给改革混合,688795,摩尔线程,SH,2026-06-30,0.05,1.08,732.99,,[],[],d943627cbaca4c97f05b97bd,,[],unavailable
002910,易方达供给改革混合,301161,唯万密封,SZ,2026-06-30,0.03,10.77,415.83,,[],[],d943627cbaca4c97f05b97bd,,[],unavailable
002910,易方达供给改革混合,688802,沐曦股份,SH,2026-06-30,0.02,0.4,307.09,,[],[],d943627cbaca4c97f05b97bd,,[],unavailable
002910,易方达供给改革混合,688783,西安奕材,SH,2026-06-30,0.02,4.44,254.77,,[],[],d943627cbaca4c97f05b97bd,,[],unavailable
002910,易方达供给改革混合,688797,臻宝科技,SH,2026-06-30,0.01,0.21,138.27,,[],[],d943627cbaca4c97f05b97bd,,[],unavailable
002910,易方达供给改革混合,600276,恒瑞医药,SH,2026-06-30,0.01,1.4,72.94,,[],[],d943627cbaca4c97f05b97bd,,[],unavailable
002910,易方达供给改革混合,301666,大普微,SZ,2026-06-30,0.0,0.12,56.53,,[],[],d943627cbaca4c97f05b97bd,,[],unavailable
002910,易方达供给改革混合,001399,惠科股份,SZ,2026-06-30,0.0,1.62,55.14,,[],[],d943627cbaca4c97f05b97bd,,[],unavailable
002910,易方达供给改革混合,688759,必贝特,SH,2026-06-30,0.0,1.26,38.47,,[],[],d943627cbaca4c97f05b97bd,,[],unavailable
002910,易方达供给改革混合,688820,盛合晶微,SH,2026-06-30,0.0,0.24,33.83,,[],[],d943627cbaca4c97f05b97bd,,[],unavailable
002910,易方达供给改革混合,688790,昂瑞微,SH,2026-06-30,0.0,0.23,29.32,,[],[],d943627cbaca4c97f05b97bd,,[],unavailable
002910,易方达供给改革混合,688781,视涯科技,SH,2026-06-30,0.0,0.63,26.71,,[],[],d943627cbaca4c97f05b97bd,,[],unavailable
002910,易方达供给改革混合,688808,联讯仪器,SH,2026-06-30,0.0,0.02,25.82,,[],[],d943627cbaca4c97f05b97bd,,[],unavailable
002910,易方达供给改革混合,300782,卓胜微,SZ,2026-06-30,0.0,0.17,18.3,,[],[],d943627cbaca4c97f05b97bd,,[],unavailable
002910,易方达供给改革混合,688818,电科蓝天,SH,2026-06-30,0.0,0.17,12.04,,[],[],d943627cbaca4c97f05b97bd,,[],unavailable
002910,易方达供给改革混合,301682,宏明电子,SZ,2026-06-30,0.0,0.07,11.43,,[],[],d943627cbaca4c97f05b97bd,,[],unavailable
002910,易方达供给改革混合,688712,北芯生命,SH,2026-06-30,0.0,0.15,5.39,,[],[],d943627cbaca4c97f05b97bd,,[],unavailable
002910,易方达供给改革混合,688807,优迅股份,SH,2026-06-30,0.0,0.01,5.27,,[],[],d943627cbaca4c97f05b97bd,,[],unavailable
002910,易方达供给改革混合,688813,泰金新能,SH,2026-06-30,0.0,0.02,4.03,,[],[],d943627cbaca4c97f05b97bd,,[],unavailable
002910,易方达供给改革混合,688635,长进光子,SH,2026-06-30,0.0,0.01,3.94,,[],[],d943627cbaca4c97f05b97bd,,[],unavailable
002910,易方达供给改革混合,001257,盛龙股份,SZ,2026-06-30,0.0,0.17,3.61,,[],[],d943627cbaca4c97f05b97bd,,[],unavailable
002910,易方达供给改革混合,603459,红板科技,SH,2026-06-30,0.0,0.03,2.78,,[],[],d943627cbaca4c97f05b97bd,,[],unavailable
002910,易方达供给改革混合,001365,天海电子,SZ,2026-06-30,0.0,0.07,2.25,,[],[],d943627cbaca4c97f05b97bd,,[],unavailable
002910,易方达供给改革混合,688811,有研复材,SH,2026-06-30,0.0,0.08,2.01,,[],[],d943627cbaca4c97f05b97bd,,[],unavailable
002910,易方达供给改革混合,301696,三瑞智能,SZ,2026-06-30,0.0,0.02,1.87,,[],[],d943627cbaca4c97f05b97bd,,[],unavailable
002910,易方达供给改革混合,001237,惠康科技,SZ,2026-06-30,0.0,0.03,1.67,,[],[],d943627cbaca4c97f05b97bd,,[],unavailable
002910,易方达供给改革混合,301669,高特电子,SZ,2026-06-30,0.0,0.05,1.55,,[],[],d943627cbaca4c97f05b97bd,,[],unavailable
002910,易方达供给改革混合,301687,新广益,SZ,2026-06-30,0.0,0.02,1.52,,[],[],d943627cbaca4c97f05b97bd,,[],unavailable
002910,易方达供给改革混合,001393,维通利,SZ,2026-06-30,0.0,0.04,1.51,,[],[],d943627cbaca4c97f05b97bd,,[],unavailable
002910,易方达供给改革混合,301531,春光集团,SZ,2026-06-30,0.0,0.03,1.5,,[],[],d943627cbaca4c97f05b97bd,,[],unavailable
002910,易方达供给改革混合,301599,理奇智能,SZ,2026-06-30,0.0,0.04,1.41,,[],[],d943627cbaca4c97f05b97bd,,[],unavailable
002910,易方达供给改革混合,601112,振石股份,SH,2026-06-30,0.0,0.08,1.36,,[],[],d943627cbaca4c97f05b97bd,,[],unavailable
002910,易方达供给改革混合,301680,固德电材,SZ,2026-06-30,0.0,0.01,1.31,,[],[],d943627cbaca4c97f05b97bd,,[],unavailable
002910,易方达供给改革混合,688805,健信超导,SH,2026-06-30,0.0,0.03,1.24,,[],[],d943627cbaca4c97f05b97bd,,[],unavailable
002910,易方达供给改革混合,001369,双欣材料,SZ,2026-06-30,0.0,0.09,1.21,,[],[],d943627cbaca4c97f05b97bd,,[],unavailable
002910,易方达供给改革混合,301683,慧谷新材,SZ,2026-06-30,0.0,0.01,1.17,,[],[],d943627cbaca4c97f05b97bd,,[],unavailable
002910,易方达供给改革混合,301667,纳百川,SZ,2026-06-30,0.0,0.02,1.09,,[],[],d943627cbaca4c97f05b97bd,,[],unavailable
002910,易方达供给改革混合,001248,华润新能源,SZ,2026-06-30,0.0,0.1,1.01,,[],[],d943627cbaca4c97f05b97bd,,[],unavailable
002910,易方达供给改革混合,688816,易思维,SH,2026-06-30,0.0,0.02,1.01,,[],[],d943627cbaca4c97f05b97bd,,[],unavailable
002910,易方达供给改革混合,301513,尚水智能,SZ,2026-06-30,0.0,0.01,0.7,,[],[],d943627cbaca4c97f05b97bd,,[],unavailable
002910,易方达供给改革混合,603248,锡华科技,SH,2026-06-30,0.0,0.03,0.55,,[],[],d943627cbaca4c97f05b97bd,,[],unavailable
002910,易方达供给改革混合,603435,嘉德利,SH,2026-06-30,0.0,0.01,0.49,,[],[],d943627cbaca4c97f05b97bd,,[],unavailable
002910,易方达供给改革混合,603352,至信股份,SH,2026-06-30,0.0,0.01,0.29,,[],[],d943627cbaca4c97f05b97bd,,[],unavailable
002910,易方达供给改革混合,001396,誉帆科技,SZ,2026-06-30,0.0,0.01,0.24,,[],[],d943627cbaca4c97f05b97bd,,[],unavailable
002910,易方达供给改革混合,603293,埃泰克,SH,2026-06-30,0.0,0.01,0.24,,[],[],d943627cbaca4c97f05b97bd,,[],unavailable
002910,易方达供给改革混合,001312,福恩股份,SZ,2026-06-30,0.0,0.01,0.22,,[],[],d943627cbaca4c97f05b97bd,,[],unavailable
002910,易方达供给改革混合,300772,运达股份,SZ,2026-06-30,0.0,0.02,0.22,,[],[],d943627cbaca4c97f05b97bd,,[],unavailable
002910,易方达供给改革混合,603284,林平发展,SH,2026-06-30,0.0,0.0,0.16,,[],[],d943627cbaca4c97f05b97bd,,[],unavailable
002910,易方达供给改革混合,001220,世盟股份,SZ,2026-06-30,0.0,0.01,0.16,,[],[],d943627cbaca4c97f05b97bd,,[],unavailable
004320,前海开源沪港深乐享生活,300502,新易盛,SZ,2026-06-30,9.44,128.03,77713.97,,[],[],73ce2c22674495f233a353c1,,[],unavailable
004320,前海开源沪港深乐享生活,688048,长光华芯,SH,2026-06-30,9.37,153.74,77178.79,,[],[],73ce2c22674495f233a353c1,,[],unavailable
004320,前海开源沪港深乐享生活,300308,中际旭创,SZ,2026-06-30,9.32,60.42,76727.05,,[],[],73ce2c22674495f233a353c1,,[],unavailable
004320,前海开源沪港深乐享生活,688256,寒武纪,SH,2026-06-30,8.92,46.03,73445.08,,[],[],73ce2c22674495f233a353c1,,[],unavailable
004320,前海开源沪港深乐享生活,002837,英维克,SZ,2026-06-30,8.83,914.23,72736.13,,[],[],73ce2c22674495f233a353c1,,[],unavailable
004320,前海开源沪港深乐享生活,300843,胜蓝股份,SZ,2026-06-30,8.25,434.66,67915.94,,[],[],73ce2c22674495f233a353c1,,[],unavailable
004320,前海开源沪港深乐享生活,603306,华懋科技,SH,2026-06-30,7.89,626.95,65008.45,,[],[],73ce2c22674495f233a353c1,,[],unavailable
004320,前海开源沪港深乐享生活,301629,矽电股份,SZ,2026-06-30,7.09,135.7,58405.71,,[],[],73ce2c22674495f233a353c1,,[],unavailable
004320,前海开源沪港深乐享生活,600330,天通股份,SH,2026-06-30,7.08,1890.78,58311.59,,[],[],73ce2c22674495f233a353c1,,[],unavailable
004320,前海开源沪港深乐享生活,002222,福晶科技,SZ,2026-06-30,5.21,465.03,42912.85,,[],[],73ce2c22674495f233a353c1,,[],unavailable
004320,前海开源沪港深乐享生活,688195,腾景科技,SH,2026-06-30,4.92,210.44,40526.07,,[],[],73ce2c22674495f233a353c1,,[],unavailable
004320,前海开源沪港深乐享生活,06869,长飞光纤光缆,HK,2026-06-30,4.69,174.25,38653.47,,[],[],73ce2c22674495f233a353c1,,[],unmapped_market
004320,前海开源沪港深乐享生活,300548,长芯博创,SZ,2026-06-30,3.12,92.38,25680.69,,[],[],73ce2c22674495f233a353c1,,[],unavailable
021179,易方达产业机遇混合A,688200,华峰测控,SH,2026-06-30,9.21,10.63,5580.92,,[],[],d0b581480092f771ef48868e,,[],unavailable
021179,易方达产业机遇混合A,002371,北方华创,SZ,2026-06-30,9.09,6.23,5509.22,,[],[],d0b581480092f771ef48868e,,[],unavailable
021179,易方达产业机遇混合A,688256,寒武纪,SH,2026-06-30,6.44,2.44,3900.32,,[],[],d0b581480092f771ef48868e,,[],unavailable
021179,易方达产业机遇混合A,688521,芯原股份,SH,2026-06-30,6.39,10.44,3873.11,,[],[],d0b581480092f771ef48868e,,[],unavailable
021179,易方达产业机遇混合A,688233,神工股份,SH,2026-06-30,6.23,17.61,3775.59,,[],[],d0b581480092f771ef48868e,,[],unavailable
021179,易方达产业机遇混合A,688361,中科飞测,SH,2026-06-30,5.31,7.48,3218.03,,[],[],d0b581480092f771ef48868e,,[],unavailable
021179,易方达产业机遇混合A,688372,伟测科技,SH,2026-06-30,5.31,17.3,3217.48,,[],[],d0b581480092f771ef48868e,,[],unavailable
021179,易方达产业机遇混合A,688652,京仪装备,SH,2026-06-30,3.71,11.23,2246.99,,[],[],d0b581480092f771ef48868e,,[],unavailable
021179,易方达产业机遇混合A,688409,富创精密,SH,2026-06-30,3.18,6.3,1928.89,,[],[],d0b581480092f771ef48868e,,[],unavailable
021179,易方达产业机遇混合A,301018,申菱环境,SZ,2026-06-30,2.52,13.19,1524.66,,[],[],d0b581480092f771ef48868e,,[],unavailable
021179,易方达产业机遇混合A,603259,药明康德,SH,2026-06-30,2.4,11.66,1451.79,,[],[],d0b581480092f771ef48868e,,[],unavailable
021179,易方达产业机遇混合A,00175,吉利汽车,HK,2026-06-30,2.38,98.3,1439.48,,[],[],d0b581480092f771ef48868e,,[],unmapped_market
021179,易方达产业机遇混合A,300604,长川科技,SZ,2026-06-30,2.21,3.92,1338.37,,[],[],d0b581480092f771ef48868e,,[],unavailable
021179,易方达产业机遇混合A,300820,英杰电气,SZ,2026-06-30,2.1,14.12,1274.05,,[],[],d0b581480092f771ef48868e,,[],unavailable
021179,易方达产业机遇混合A,688596,正帆科技,SH,2026-06-30,2.05,15.74,1244.78,,[],[],d0b581480092f771ef48868e,,[],unavailable
021179,易方达产业机遇混合A,688785,恒运昌,SH,2026-06-30,1.77,2.21,1071.3,,[],[],d0b581480092f771ef48868e,,[],unavailable
021179,易方达产业机遇混合A,300666,江丰电子,SZ,2026-06-30,1.67,2.75,1013.65,,[],[],d0b581480092f771ef48868e,,[],unavailable
021179,易方达产业机遇混合A,300567,精测电子,SZ,2026-06-30,1.42,2.71,860.82,,[],[],d0b581480092f771ef48868e,,[],unavailable
021179,易方达产业机遇混合A,002536,飞龙股份,SZ,2026-06-30,1.29,16.52,779.41,,[],[],d0b581480092f771ef48868e,,[],unavailable
021179,易方达产业机遇混合A,688605,先锋精科,SH,2026-06-30,1.08,6.28,652.94,,[],[],d0b581480092f771ef48868e,,[],unavailable
021179,易方达产业机遇混合A,002444,巨星科技,SZ,2026-06-30,0.77,15.0,466.5,,[],[],d0b581480092f771ef48868e,,[],unavailable
021179,易方达产业机遇混合A,600660,福耀玻璃,SH,2026-06-30,0.73,8.81,444.38,,[],[],d0b581480092f771ef48868e,,[],unavailable
021179,易方达产业机遇混合A,300037,新宙邦,SZ,2026-06-30,0.49,3.22,298.98,,[],[],d0b581480092f771ef48868e,,[],unavailable
021179,易方达产业机遇混合A,688610,埃科光电,SH,2026-06-30,0.48,1.11,292.35,,[],[],d0b581480092f771ef48868e,,[],unavailable
021179,易方达产业机遇混合A,688352,颀中科技,SH,2026-06-30,0.45,11.26,272.17,,[],[],d0b581480092f771ef48868e,,[],unavailable
021179,易方达产业机遇混合A,603005,晶方科技,SH,2026-06-30,0.4,4.45,239.72,,[],[],d0b581480092f771ef48868e,,[],unavailable
021179,易方达产业机遇混合A,301039,中集车辆,SZ,2026-06-30,0.26,22.7,160.04,,[],[],d0b581480092f771ef48868e,,[],unavailable
021179,易方达产业机遇混合A,688170,德龙激光,SH,2026-06-30,0.2,1.25,120.11,,[],[],d0b581480092f771ef48868e,,[],unavailable
021179,易方达产业机遇混合A,688797,臻宝科技,SH,2026-06-30,0.14,0.13,85.55,,[],[],d0b581480092f771ef48868e,,[],unavailable
021179,易方达产业机遇混合A,600348,华阳股份,SH,2026-06-30,0.13,10.58,80.94,,[],[],d0b581480092f771ef48868e,,[],unavailable
021179,易方达产业机遇混合A,301161,唯万密封,SZ,2026-06-30,0.03,0.49,18.92,,[],[],d0b581480092f771ef48868e,,[],unavailable
021179,易方达产业机遇混合A,002463,沪电股份,SZ,2026-06-30,0.02,0.06,9.17,,[],[],d0b581480092f771ef48868e,,[],unavailable
021179,易方达产业机遇混合A,688635,长进光子,SH,2026-06-30,0.0,0.01,2.25,,[],[],d0b581480092f771ef48868e,,[],unavailable
021179,易方达产业机遇混合A,301669,高特电子,SZ,2026-06-30,0.0,0.04,1.03,,[],[],d0b581480092f771ef48868e,,[],unavailable
021179,易方达产业机遇混合A,001248,华润新能源,SZ,2026-06-30,0.0,0.1,1.01,,[],[],d0b581480092f771ef48868e,,[],unavailable
021179,易方达产业机遇混合A,603435,嘉德利,SH,2026-06-30,0.0,0.01,0.25,,[],[],d0b581480092f771ef48868e,,[],unavailable
