名次,股东名称,股东性质,股份类型,持股数,占总流通股本持股比例,增减,变动比率
1,平阳致宸青云创业投资合伙企业(有限合伙),私募基金,A股,2161960,21.2019990658,新进,
2,芜湖华熙朗亚健康产业投资合伙企业(有限合伙),私募基金,A股,1503040,14.740075059604,新进,
3,温润佳品壹号(珠海)股权投资基金合伙企业(有限合伙),私募基金,A股,1173280,11.506171004053,新进,
4,苏州苏盈金穗创业投资中心(有限合伙),私募基金,A股,1056160,10.357593726681,新进,
5,水羊集团股份有限公司,其它,A股,621880,6.098678596755,新进,
6,温润佳品贰号(珠海)股权投资基金合伙企业(有限合伙),投资公司,A股,610440,5.986488329908,新进,
7,湖州致宸天珈创业投资合伙企业(有限合伙),私募基金,A股,604080,5.924116817919,新进,
8,宁波保税区峰上观星创业投资合伙企业(有限合伙),私募基金,A股,429120,4.208311827747,新进,
9,嘉兴金彩创业投资合伙企业(有限合伙),私募基金,A股,412577,4.046077248687,新进,
10,苏州亿崇创业投资合伙企业(有限合伙),私募基金,A股,385560,3.781125811676,新进,
