基金代码,基金名称,净值日期,基金经理,成立时间,基金类型,披露资产规模,规模日期,单位净值,净值排名,持仓报告期,近1年收益率%,近1年排名,近6月收益率%,近6月排名,近3月收益率%,近3月排名,近1月收益率%,近1月排名,近1周收益率%,近1周排名,上一交易日收益率%,上一交易日排名
002910,易方达供给改革混合,2026-09-10,杨宗昌,2017-01-25,混合型-灵活,,,8.2879,33/20323,2026-06-30,189.26,1/18145,88.4,1/19374,37.62,21/19969,-4.28,15787/20246,-0.94,15514/20275,-1.07,15376/19050
021179,易方达产业机遇混合A,2026-09-10,杨宗昌,2024-08-28,混合型-偏股,,,3.1114,842/20323,2026-06-30,177.31,2/18145,86.66,2/19374,34.89,24/19969,-4.05,15537/20246,-1.16,16063/20275,-1.08,15444/19050
021180,易方达产业机遇混合C,2026-09-10,杨宗昌,2024-08-28,混合型-偏股,,,3.0806,870/20323,2026-06-30,175.94,3/18145,86.21,3/19374,34.72,25/19969,-4.08,15567/20246,-1.17,16091/20275,-1.08,15444/19050
004320,前海开源沪港深乐享生活,2026-09-10,魏淳、梁策,2017-05-12,混合型-灵活,,,6.704,71/20323,2026-06-30,168.98,4/18145,67.72,16/19374,1.29,4061/19969,15.07,13/20246,5.84,96/20275,0.2,510/19050
005844,东方人工智能主题混合A,2026-09-10,严凯,2018-06-07,混合型-偏股,,,3.1464,819/20323,2026-06-30,154.67,5/18145,67.03,17/19374,15.96,370/19969,-11.24,20023/20246,-2.63,18820/20275,-0.25,7812/19050
013840,银华集成电路混合A,2026-09-10,方建,2021-12-08,混合型-偏股,,,2.9078,1017/20323,2026-06-30,153.76,6/18145,58.55,31/19374,14.32,454/19969,-11.88,20122/20246,-2.87,19093/20275,-0.24,7720/19050
017811,东方人工智能主题混合C,2026-09-10,严凯,2023-02-22,混合型-偏股,,,3.1043,851/20323,2026-06-30,153.66,7/18145,66.69,18/19374,15.85,374/19969,-11.27,20025/20246,-2.63,18820/20275,-0.25,7812/19050
013841,银华集成电路混合C,2026-09-10,方建,2021-12-08,混合型-偏股,,,2.8801,1049/20323,2026-06-30,153.22,8/18145,58.38,33/19374,14.26,461/19969,-11.9,20124/20246,-2.88,19103/20275,-0.24,7720/19050
011369,华商均衡成长混合A,2026-09-10,张明昕,2021-04-08,混合型-偏股,,,3.6524,532/20323,2026-06-30,136.55,9/18145,49.15,100/19374,-11.36,17706/19969,-0.42,8470/20246,4.73,221/20275,0.01,1023/19050
001411,诺安创新驱动混合A,2026-09-10,左少逸,2015-06-18,混合型-灵活,,,2.786,1135/20323,2026-06-30,136.3,10/18145,79.86,4/19374,26.35,84/19969,-2.31,12692/20246,-0.82,15146/20275,-0.46,9796/19050
002051,诺安创新驱动混合C,2026-09-10,左少逸,2015-11-18,混合型-灵活,,,2.748,1179/20323,2026-06-30,136.08,11/18145,79.61,5/19374,26.29,85/19969,-2.35,12759/20246,-0.87,15324/20275,-0.51,10314/19050
001480,财通成长优选混合A,2026-09-10,金梓才,2015-06-29,混合型-灵活,,,7.462,49/20323,2026-06-30,135.54,12/18145,78.09,8/19374,-8.57,16735/19969,-1.41,11129/20246,5.86,93/20275,0.51,232/19050
011370,华商均衡成长混合C,2026-09-10,张明昕,2021-04-08,混合型-偏股,,,3.5358,582/20323,2026-06-30,135.16,13/18145,48.7,106/19374,-11.5,17744/19969,-0.47,8683/20246,4.72,224/20275,0.01,1023/19050
021528,财通成长优选混合C,2026-09-10,金梓才,2024-05-28,混合型-灵活,,,4.277,363/20323,2026-06-30,134.61,14/18145,77.76,9/19374,-8.65,16772/19969,-1.45,11209/20246,5.84,96/20275,0.52,226/19050
005119,银华智荟内在价值灵活配置混合发起A,2026-09-10,方建,2017-09-28,混合型-灵活,,,4.677,274/20323,2026-06-30,134.48,15/18145,58.37,34/19374,19.57,225/19969,-9.98,19742/20246,-2.51,18617/20275,-0.31,8379/19050
016262,银华智荟内在价值灵活配置混合发起C,2026-09-10,方建,2022-07-21,混合型-灵活,,,4.5615,292/20323,2026-06-30,133.06,16/18145,57.89,36/19374,19.39,231/19969,-10.02,19763/20246,-2.52,18632/20275,-0.31,8379/19050
005825,申万菱信智能驱动股票A,2026-09-10,卜忠林,2018-06-13,股票型,,,9.3896,18/20323,2026-06-30,132.97,17/18145,69.13,13/19374,14.68,431/19969,3.38,666/20246,-0.52,13950/20275,-0.71,12545/19050
481015,工银主题策略混合A,2026-09-10,林念,2011-10-24,混合型-偏股,,,8.504,27/20323,2026-06-30,132.54,18/18145,50.41,73/19374,8.36,935/19969,-12.21,20151/20246,-3.0,19184/20275,-0.21,7421/19050
015159,申万菱信智能驱动股票C,2026-09-10,卜忠林,2022-02-25,股票型,,,9.1694,21/20323,2026-06-30,132.05,19/18145,68.79,15/19374,14.56,441/19969,3.35,675/20246,-0.53,13986/20275,-0.71,12545/19050
013312,工银主题策略混合C,2026-09-10,林念,2021-08-23,混合型-偏股,,,8.3,32/20323,2026-06-30,131.46,20/18145,50.04,79/19374,8.21,949/19969,-12.24,20152/20246,-3.01,19202/20275,-0.22,7519/19050
001198,东方惠新灵活配置混合A,2026-09-10,严凯,2015-04-21,混合型-灵活,,,2.8474,1081/20323,2026-06-30,130.6,21/18145,50.46,71/19374,3.74,2230/19969,-8.97,19406/20246,-2.17,18086/20275,-0.25,7812/19050
007490,南方信息创新混合A,2026-09-10,郑晓曦,2019-06-19,混合型-偏股,,,4.7508,264/20323,2026-06-30,130.11,22/18145,49.26,97/19374,5.25,1593/19969,-10.94,19995/20246,-2.99,19168/20275,-0.33,8561/19050
002163,东方惠新灵活配置混合C,2026-09-10,严凯,2015-11-20,混合型-灵活,,,2.8198,1116/20323,2026-06-30,129.91,23/18145,50.23,76/19374,3.66,2271/19969,-8.99,19418/20246,-2.18,18102/20275,-0.25,7812/19050
007491,南方信息创新混合C,2026-09-10,郑晓曦,2019-06-19,混合型-偏股,,,4.4844,323/20323,2026-06-30,128.26,24/18145,48.66,107/19374,5.04,1657/19969,-11.0,20004/20246,-3.0,19184/20275,-0.33,8561/19050
006502,财通集成电路产业股票A,2026-09-10,金梓才,2018-11-29,股票型,,,7.2885,57/20323,2026-06-30,128.02,25/18145,75.55,10/19374,-11.15,17626/19969,-2.76,13443/20246,5.31,150/20275,0.45,266/19050
019454,华泰柏瑞中韩半导体ETF发起式联接(QDII)A,2026-09-10,李沐阳,2023-09-22,指数型-海外股票,,,3.6476,535/20323,,127.79,26/18145,41.77,193/19374,-1.44,12091/19969,5.31,301/20246,5.01,186/20275,-0.1,5968/19050
022681,华泰柏瑞中韩半导体ETF发起式联接(QDII)I,2026-09-10,李沐阳,2024-11-26,指数型-海外股票,,,3.6417,538/20323,,127.56,27/18145,41.69,194/19374,-1.46,12114/19969,5.3,303/20246,5.01,186/20275,-0.1,5968/19050
019455,华泰柏瑞中韩半导体ETF发起式联接(QDII)C,2026-09-10,李沐阳,2023-09-22,指数型-海外股票,,,3.6211,545/20323,,127.23,28/18145,41.59,197/19374,-1.5,12152/19969,5.29,305/20246,5.01,186/20275,-0.1,5968/19050
006503,财通集成电路产业股票C,2026-09-10,金梓才,2018-11-29,股票型,,,6.8497,69/20323,2026-06-30,126.21,29/18145,74.86,11/19374,-11.32,17686/19969,-2.83,13579/20246,5.29,151/20275,0.45,266/19050
024459,华商致远回报混合A,2026-09-10,张明昕,2025-07-15,混合型-偏股,,,2.9616,977/20323,2026-06-30,125.73,30/18145,39.6,217/19374,-13.91,18433/19969,-0.56,8989/20246,3.58,415/20275,-0.42,9339/19050
018358,华富数字经济混合A,2026-09-10,王羿伟,2023-06-20,混合型-偏股,,,2.9066,1019/20323,2026-06-30,125.6,31/18145,41.61,196/19374,-4.39,14648/19969,-1.97,12182/20246,-0.13,11091/20275,-0.57,10887/19050
720001,财通价值动量混合A,2026-09-10,金梓才,2011-12-01,混合型-灵活,,,14.617,5/20323,2026-06-30,125.33,32/18145,69.47,12/19374,-6.3,15725/19969,-0.83,9778/20246,5.14,166/20275,0.41,315/19050
018359,华富数字经济混合C,2026-09-10,王羿伟,2023-06-20,混合型-偏股,,,2.8696,1055/20323,2026-06-30,124.71,33/18145,41.33,199/19374,-4.49,14718/19969,-2.0,12232/20246,-0.13,11091/20275,-0.58,10998/19050
021523,财通价值动量混合C,2026-09-10,金梓才,2024-05-28,混合型-灵活,,,3.795,478/20323,2026-06-30,124.42,34/18145,69.12,14/19374,-6.39,15774/19969,-0.86,9855/20246,5.12,170/20275,0.4,331/19050
024460,华商致远回报混合C,2026-09-10,张明昕,2025-07-15,混合型-偏股,,,2.9418,986/20323,2026-06-30,124.41,35/18145,39.19,224/19374,-14.04,18473/19969,-0.61,9144/20246,3.57,420/20275,-0.42,9339/19050
162214,宏利领先中小盘混合,2026-09-10,张岩,2011-01-26,混合型-偏股,,,2.296,1832/20323,2026-06-30,122.48,36/18145,59.89,25/19374,15.26,404/19969,-10.97,19999/20246,-1.67,17265/20275,0.22,493/19050
021532,天弘半导体设备指数A,2026-09-10,洪明华,2024-06-04,指数型-股票,,,3.0701,876/20323,2026-06-30,120.25,37/18145,51.12,64/19374,4.5,1850/19969,-11.82,20116/20246,-1.74,17409/20275,-0.04,4917/19050
110005,易方达积极成长混合,2026-09-10,何崇恺,2004-09-09,混合型-偏股,,,1.4519,5509/20323,2026-06-30,120.25,37/18145,52.46,59/19374,18.36,254/19969,-4.29,15798/20246,-1.65,17225/20275,-0.06,5304/19050
024417,华夏上证科创板半导体材料设备主题ETF发起式联接A,2026-09-10,杨斯琪、荣膺,2025-09-02,指数型-股票,,,2.1985,2042/20323,2026-06-30,120.03,39/18145,56.44,42/19374,4.81,1723/19969,-11.92,20128/20246,-2.18,18102/20275,-0.02,4336/19050
021533,天弘半导体设备指数C,2026-09-10,洪明华,2024-06-04,指数型-股票,,,3.0562,885/20323,2026-06-30,119.81,40/18145,50.97,67/19374,4.45,1876/19969,-11.83,20117/20246,-1.75,17431/20275,-0.04,4917/19050
024418,华夏上证科创板半导体材料设备主题ETF发起式联接C,2026-09-10,杨斯琪、荣膺,2025-09-02,指数型-股票,,,2.1941,2055/20323,2026-06-30,119.59,41/18145,56.29,43/19374,4.76,1738/19969,-11.94,20132/20246,-2.19,18125/20275,-0.02,4336/19050
014736,创金合信专精特新股票发起A,2026-09-10,王先伟,2022-01-26,股票型,,,3.149,818/20323,2026-06-30,119.11,42/18145,59.35,26/19374,9.04,866/19969,-7.93,18938/20246,-0.72,14830/20275,-0.64,11801/19050
014737,创金合信专精特新股票发起C,2026-09-10,王先伟,2022-01-26,股票型,,,3.0772,872/20323,2026-06-30,118.02,43/18145,58.95,28/19374,8.9,889/19969,-7.97,18959/20246,-0.73,14861/20275,-0.64,11801/19050
024974,华泰柏瑞上证科创板半导体材料设备主题ETF发起式联接A,2026-09-10,李沐阳,2025-08-01,指数型-股票,,,2.2978,1826/20323,,117.06,44/18145,54.55,54/19374,4.41,1893/19969,-11.72,20094/20246,-2.18,18102/20275,-0.01,3582/19050
024975,华泰柏瑞上证科创板半导体材料设备主题ETF发起式联接C,2026-09-10,李沐阳,2025-08-01,指数型-股票,,,2.293,1836/20323,,116.63,45/18145,54.4,55/19374,4.36,1921/19969,-11.73,20097/20246,-2.18,18102/20275,-0.01,3582/19050
001184,易方达新常态混合A,2026-09-10,何一铖,2015-04-30,混合型-灵活,,,2.0556,2365/20323,2026-06-30,116.15,46/18145,55.73,49/19374,1.31,4029/19969,0.37,2279/20246,3.46,447/20275,-0.38,8998/19050
023828,万家中证半导体材料设备主题ETF发起式联接A,2026-09-10,贺方舟,2025-04-29,指数型-股票,,,2.4659,1568/20323,,115.51,47/18145,48.57,108/19374,3.67,2263/19969,-11.77,20104/20246,-1.74,17409/20275,-0.04,4917/19050
001170,宏利复兴混合A,2026-09-10,孙硕,2015-04-21,混合型-灵活,,,4.537,302/20323,2026-06-30,115.23,48/18145,49.39,92/19374,-12.48,17999/19969,2.79,791/20246,4.59,240/20275,-0.61,11456/19050
023829,万家中证半导体材料设备主题ETF发起式联接C,2026-09-10,贺方舟,2025-04-29,指数型-股票,,,2.4593,1576/20323,,115.09,49/18145,48.42,111/19374,3.61,2299/19969,-11.78,20109/20246,-1.75,17431/20275,-0.04,4917/19050
013107,华夏先进制造龙头混合A,2026-09-10,高翔,2021-11-16,混合型-偏股,,,2.8668,1057/20323,2026-06-30,114.69,50/18145,64.16,19/19374,5.44,1527/19969,-5.43,17097/20246,-0.27,12485/20275,-0.92,14308/19050
