fund_code,kind,name,weight_pct_of_fund_nav
002910,industries,未分类,72.63
002910,industries,半导体,9.15
021179,industries,未分类,70.65
021179,industries,半导体,9.21
021180,industries,未分类,70.65
021180,industries,半导体,9.21
005844,industries,未分类,93.76
005844,industries,半导体,0.94
004320,industries,未分类,94.13
017811,industries,未分类,93.76
017811,industries,半导体,0.94
013840,industries,未分类,94.55
013841,industries,未分类,94.55
024459,industries,未分类,89.82
024460,industries,未分类,89.82
001411,industries,未分类,85.9
002051,industries,未分类,85.9
005119,industries,未分类,93.08
016262,industries,未分类,93.08
481015,industries,未分类,88.68
481015,industries,半导体,2.37
007490,industries,未分类,91.29
005825,industries,未分类,88.37
015159,industries,未分类,88.37
013312,industries,未分类,88.68
013312,industries,半导体,2.37
011369,industries,未分类,90.17
007491,industries,未分类,91.29
011370,industries,未分类,90.17
001198,industries,未分类,92.76
001198,industries,半导体,0.87
002163,industries,未分类,92.76
002163,industries,半导体,0.87
001480,industries,未分类,84.23
021528,industries,未分类,84.23
025421,industries,未分类,65.32
025422,industries,未分类,65.32
024417,industries,未分类,5.01
024417,industries,半导体,0.54
110005,industries,未分类,65.42
110005,industries,半导体,9.42
024418,industries,未分类,5.01
024418,industries,半导体,0.54
006502,industries,未分类,69.46
014736,industries,未分类,75.2
021532,industries,未分类,54.84
021532,industries,半导体,2.86
021533,industries,未分类,54.84
021533,industries,半导体,2.86
014737,industries,未分类,75.2
006503,industries,未分类,69.46
162214,industries,未分类,61.94
720001,industries,未分类,71.54
018358,industries,未分类,37.28
018358,industries,半导体,3.83
021523,industries,未分类,71.54
002289,industries,未分类,44.34
002289,industries,半导体,7.86
018359,industries,未分类,37.28
018359,industries,半导体,3.83
