date,open,close,high,low,volume,amount,turnover
2026-08-19,1100.0,845.0,1100.0,800.08,25657935.0,23159535334.0,0.8527709976030088
2026-08-20,790.0,687.0,790.0,685.01,12629474.0,9071869080.0,0.4197551027462367
2026-08-21,659.0,672.41,706.98,636.0,7605734.0,5138831982.0,0.2527853223840158
2026-08-24,640.26,603.08,642.0,602.05,8128949.0,5015549853.0,0.2701749750396507
2026-08-25,588.0,602.8,625.89,588.0,5321525.0,3244776858.0,0.17686700753662957
2026-08-26,598.0,591.53,614.44,571.0,5582961.0,3324850833.0,0.18555613386457998
2026-08-27,588.0,615.03,615.05,582.0,6339783.0,3795447912.0,0.21070998400676422
2026-08-28,605.0,585.0,605.0,584.88,5674797.0,3362608198.0,0.18860840901204876
2026-08-31,571.0,564.9,571.3,555.8,4718840.0,2650001390.0,0.15683607797466873
2026-09-01,561.97,571.1,591.0,556.12,5151092.0,2976706754.0,0.171202470642508
2026-09-02,557.0,546.02,562.84,545.0,4145915.0,2277873469.0,0.13779425626135847
2026-09-03,550.0,550.45,565.5,545.02,3091128.0,1715526755.0,0.1027371964376164
2026-09-04,555.0,530.3,557.88,528.85,3818006.0,2074709047.0,0.12689582327939772
2026-09-07,530.3,536.35,542.66,520.08,3538063.0,1888163976.0,0.11759159550806775
2026-09-08,535.8,523.68,539.91,522.8,3346943.0,1775510459.0,0.11123950236176088
2026-09-09,521.08,513.93,524.99,508.88,3217361.0,1655846761.0,0.10693269546512664
