当前排名,代码,股票名称,最新价,涨跌额,涨跌幅
1,SH600869,远东股份,24.93,2.497986,10.02
2,SH600737,中粮糖业,19.8,1.7879399999999999,9.03
3,SZ002155,湖南黄金,28.45,2.8506899999999997,10.02
4,SH600108,亚盛集团,5.71,0.46479400000000004,8.14
5,SZ000988,华工科技,108.79,8.942538,8.22
6,SZ002470,金正大,2.78,0.274664,9.88
7,SH600487,亨通光电,66.62,3.704072,5.56
8,SH600127,金健米业,14.33,-0.445663,-3.11
9,SH601890,亚星锚链,10.08,1.012032,10.04
10,SH603618,杭电股份,41.58,1.521828,3.66
11,SZ000523,红棉股份,4.36,0.44036000000000003,10.1
12,SH600121,郑州煤电,5.7,0.5722799999999999,10.04
13,SZ002068,黑猫股份,10.01,1.001,10.0
14,SH600792,云煤能源,4.92,0.49544400000000005,10.07
15,SZ000759,中百集团,8.47,0.847,10.0
16,SH600403,大有能源,7.48,0.7480000000000001,10.0
17,SH603042,华脉科技,18.67,1.8707340000000001,10.02
18,SH600540,新赛股份,7.21,0.726768,10.08
19,SZ002498,汉缆股份,7.08,0.7037519999999999,9.94
20,SZ000930,中粮科技,6.41,0.637795,9.95
21,SH600865,百大集团,15.11,1.506467,9.97
22,SH600722,金牛化工,20.0,0.23199999999999998,1.16
23,SZ000980,众泰汽车,2.02,0.19755599999999998,9.78
24,SH601872,招商轮船,20.99,2.1010989999999996,10.01
25,SZ000978,桂林旅游,8.81,0.8801190000000001,9.99
26,SZ000798,中水渔业,12.67,1.264466,9.98
27,SZ002077,大港股份,13.74,1.3753739999999999,10.01
28,SH603162,海通发展,15.43,1.539914,9.98
29,SZ000592,平潭发展,8.06,0.16361799999999999,2.03
30,SH603186,华正新材,212.06,21.206,10.0
31,SZ002349,精华制药,9.26,0.924148,9.98
32,SH600359,新农开发,8.76,0.8803800000000002,10.05
33,SZ000912,泸天化,5.2,0.51688,9.94
34,SH600255,鑫科材料,3.89,0.38472100000000004,9.89
35,SZ002040,南 京 港,9.98,1.000994,10.03
36,SH600354,敦煌种业,10.98,0.5237459999999999,4.77
37,SZ000993,闽东电力,11.47,1.1435590000000002,9.97
38,SH600105,永鼎股份,41.48,2.5136879999999997,6.06
39,SZ002046,国机精工,59.44,5.9380560000000004,9.99
40,SH688836,宇树科技-W,513.93,-9.559097999999999,-1.86
41,SH603328,依顿电子,12.1,1.21,10.0
42,SH603650,彤程新材,65.22,6.522,10.0
43,SH600522,中天科技,34.12,1.68894,4.95
44,SH600396,华电辽能,14.75,0.83485,5.66
45,SH600192,长城电工,7.89,0.792156,10.04
46,SH600172,黄河旋风,16.93,0.441873,2.61
47,SZ002171,楚江新材,11.06,0.816228,7.38
48,SH605077,华康股份,13.78,1.375244,9.98
49,SZ002295,精艺股份,11.58,1.154526,9.97
50,SZ000019,深粮控股,8.46,0.846846,10.01
51,SH605162,新中港,11.23,1.121877,9.99
52,SZ002579,中京电子,16.81,-0.247107,-1.47
53,SH601869,长飞光纤,442.03,26.698611999999997,6.04
54,SH600698,湖南天雁,8.38,0.8354860000000001,9.97
55,SH603900,莱绅通灵,7.45,0.74798,10.04
56,SZ301699,N洛轴,31.99,32.453855,101.45
57,SZ000972,中基健康,4.37,0.440496,10.08
58,SZ002384,东山精密,196.06,10.136301999999999,5.17
59,SZ002377,国创高新,3.15,0.31941,10.14
60,SH603421,鼎信通讯,6.63,0.659685,9.95
61,SZ002162,悦心健康,4.51,0.45099999999999996,10.0
62,SH603308,应流股份,46.3,4.63,10.0
63,SH600778,友好集团,6.64,0.6593519999999999,9.93
64,SH600967,内蒙一机,14.43,0.5829719999999999,4.04
65,SH601579,会稽山,25.3,2.53,10.0
66,SZ300913,兆龙互连,41.08,6.046976,14.72
67,SZ000565,渝三峡Ａ,7.19,0.7146859999999999,9.94
68,SH600596,新安股份,12.62,0.5641139999999999,4.47
69,SZ002297,博云新材,22.5,0.18225000000000002,0.81
70,SZ002491,通鼎互联,22.22,0.7976979999999999,3.59
71,SH688825,长鑫科技,56.87,-1.47862,-2.6
72,SH601086,国芳集团,14.88,-0.069936,-0.47
73,SZ300059,东方财富,18.91,0.069967,0.37
74,SH600176,中国巨石,42.67,1.318503,3.09
75,SZ002790,瑞尔特,7.69,0.769769,10.01
76,SZ000737,北方铜业,16.47,0.797148,4.84
77,SZ000560,我爱我家,3.12,-0.29016000000000003,-9.3
78,SH601118,海南橡胶,8.15,0.29014,3.56
79,SH603938,三孚股份,47.11,2.840733,6.03
80,SZ300308,中际旭创,908.9,6.54408,0.72
81,SZ000519,中兵红箭,16.63,0.5903649999999999,3.55
82,SH600313,农发种业,8.37,0.43105499999999997,5.15
83,SH601991,大唐发电,5.83,0.206965,3.55
84,SZ300750,宁德时代,336.84,1.34736,0.4
85,SZ300179,四方达,42.3,3.1005899999999995,7.33
86,SH601606,长城军工,35.46,0.262404,0.74
87,SH605198,安德利,77.0,7.7,10.0
88,SH688795,摩尔线程-U,387.15,-12.54366,-3.24
89,SZ003040,楚天龙,21.0,-1.1802,-5.62
90,SH600519,贵州茅台,1290.88,-18.201408,-1.41
91,SZ002081,金 螳 螂,5.18,-0.35379399999999994,-6.83
92,SH600362,江西铜业,49.57,1.0607980000000001,2.14
93,SZ000725,京东方Ａ,5.55,-0.009989999999999999,-0.18
94,SH600227,赤天化,4.92,-0.039852000000000005,-0.81
95,SH601899,紫金矿业,34.4,0.54696,1.59
96,SH600664,哈药股份,7.63,-0.118265,-1.55
97,SH600691,潞化科技,3.56,0.21182,5.95
98,SZ000735,罗 牛 山,7.02,0.21621600000000002,3.08
99,SH603123,翠微股份,11.05,-1.10721,-10.02
100,SZ002354,天娱数科,7.93,-0.3172,-4.0
