标题,内容,发布时间,链接
首届国际太空峰会在巴黎开幕 美航天企业取消行程,为期两天的首届国际太空峰会9日在法国巴黎开幕。多国领导人和政府官员、国际组织代表，以及来自航天机构和企业界人士参会，就太空事业快速发展背景下的相关科技、经济与治理等议题展开讨论。据多家法国媒体援引美国《政治报》的报道说，由于美国政府施压，太空探索技术公司和蓝色起源公司等美航天企业取消峰会行程。峰会大使、法国宇航员托马斯·佩斯凯就此对法国媒体说，太空事业受到了地缘政治干扰。（新华社）,2026-09-09 14:52:07,https://news.10jqka.com.cn/20260909/c679756111.shtml
我国天地一体化降水观测体系成熟落地,记者9日从中国气象局了解到，台风“白海豚”活动期间，风云三号G星搭载的降水测量雷达与全国地基天气雷达网协同观测在台风监测实战中发挥关键作用，精准捕捉到“白海豚”的精细三维降水结构，显示我国天地一体化降水观测体系成熟落地，在气象防灾减灾中发挥作用。中国气象局气象探测中心主任张鹏表示，“白海豚”活动期间，风云三号G星利用搭载的双频降水测量雷达，清晰抓取到台风外围螺旋雨带完整结构，精准探测到台风系统最强瞬时降水可达100毫米每小时，风暴回波顶最高高度约10公里，完整解析出台风内部降水强度、空间分布等核心细节，为台风强度研判、路径预报、短临预警及防灾减灾决策，提供高精度、立体化的关键观测支撑。（新华社）,2026-09-09 14:39:57,https://news.10jqka.com.cn/20260909/c679756037.shtml
现货白银涨超4%,现货白银涨超4%，现报68.2美元/盎司。,2026-09-09 14:30:10,https://news.10jqka.com.cn/20260909/c679755996.shtml
欧洲天然气价格自2023年以来首次突破80欧元/兆瓦时,欧洲天然气价格自2023年以来首次突破80欧元/兆瓦时。,2026-09-09 14:19:42,https://news.10jqka.com.cn/20260909/c679755950.shtml
俄官员：欧洲天然气价格未来将再创新高,俄罗斯总统新闻秘书佩斯科夫9日表示，尽管欧洲天然气价格近期快速上涨，但并未达到峰值，预计未来还将创下新高。 佩斯科夫在当天举行的新闻发布会上表示，即使以最快速度进行，欧洲也无法在冬季到来之前完成地下天然气库的补库工作。他说，欧洲应该认识到有必要去寻找更便宜的能源来源，而俄罗斯的天然气，包括管道天然气和液化天然气，都是最便宜的。 他还指出，“北溪”天然气管道中仍有一条保持完好随时可用，但是政治因素导致欧洲无法理性地思考问题，最终受损的却是欧洲经济和欧洲民众。 据英国《金融时报》报道，欧洲天然气储存量目前仅为储存能力的65.6%，为15年来同期最低水平。欧洲天然气价格过去两个月上涨超过75%，本周创下三年来新高。由于高气价限制夏季补库速度，而欧洲距离冬季能源需求高峰越来越近，能源供应和价格走势的不确定性进一步增加。(新华社),2026-09-09 14:19:22,https://news.10jqka.com.cn/20260909/c679755949.shtml
现货白银站上68美元/盎司,现货白银站上68美元/盎司，日内涨3.54%。,2026-09-09 14:15:08,https://news.10jqka.com.cn/20260909/c679755917.shtml
默茨：德国选择党无法赢得绝对多数支持,德国总理、基民盟主席默茨9日表示，尽管德国选择党近日在德东部萨安州议会选举中取得显著进展，但未能获得绝对多数，其凭借现有政策也无法在德国赢得绝对多数支持。 默茨当天在德国联邦议院一般性辩论中表示，德国执政联盟与选择党在外交、欧洲、社会及和平政策等领域存在深刻分歧。他批评选择党提出的所谓“回迁”政策。他说，德国手工业每6名从业人员中就有1人持外国护照，如果大量在德工作的外国人因此被迫离境，手工业、养老护理、医院和餐饮等行业都将难以正常运转。 德国选择党主席魏德尔9日在一般性辩论中说，萨安州选民已通过选举结果向执政联盟传递明确信号，选民希望实现政治变革，而非维持现状。 萨安州议会选举6日晚结束。萨安州统计局7日公布的选举初步结果显示，德国选择党以明显优势成为该州第一大党，但未获得单独组阁所需的绝对多数席位。(新华社),2026-09-09 14:09:34,https://news.10jqka.com.cn/20260909/c679755854.shtml
欧盟批准超1亿欧元援助以加强西班牙休达边境管控,当地时间9月9日，欧盟委员会批准向西班牙提供1.147亿欧元紧急援助，用于加强北非飞地休达的边境管控，并加快相关人员遣返进程。这笔资金将用于强化边境安全设施以及相关人员的接收、甄别和遣返工作。欧盟委员会表示，此次紧急援助决定是在西班牙8月24日提出相关请求后作出的。资金将用于加强边境监控和保护、完善安全基础设施，包括热成像摄像机、观测技术、浮标系统和水下无人机等，以及增派人员和设备投入。此外，资金还将用于设立移民筛查设施，支持遣返非法滞留在休达的人员，并提升当地接待能力，包括接收无人陪伴的未成年人。（央视新闻）,2026-09-09 14:03:54,https://news.10jqka.com.cn/20260909/c679755812.shtml
大商所焦炭主力合约跌超2% 纯苯主力合约大涨5%,大商所焦炭主力合约跌超2%，报2120元/吨。大商所纯苯主力合约大涨5%，报9141元/吨。,2026-09-09 14:03:45,https://news.10jqka.com.cn/20260909/c679755811.shtml
甲醇主力合约涨超2% 苯乙烯主力合约大涨5%,郑商所甲醇主力合约涨超2%，报3471元/吨。大商所苯乙烯主力合约大涨5%，报10280元/吨。,2026-09-09 13:54:37,https://news.10jqka.com.cn/20260909/c679755695.shtml
SK海力士美股再创新高,SK海力士美股再创新高，报194.801美元/股，日内涨幅约5%，总市值超1.4万亿美元。,2026-09-09 13:53:15,https://news.10jqka.com.cn/20260909/c679755680.shtml
商务部新闻发言人就美发布中国人工智能企业对美蒸馏活动相关网络安全公告答记者问,商务部新闻发言人就美发布中国人工智能企业对美蒸馏活动相关网络安全公告答记者问。针对美国家安全局、网络安全与基础设施安全局、联邦调查局9月8日联合发布的一则公告，指责中国人工智能企业对美开展“工业规模”蒸馏，获取美前沿模型能力，并向美企提出相关防御措施建议，商务部发言人表示，美方此举是将蒸馏这一业内正常的技术和商业问题政治化、工具化，并在实践中搞双重标准。中方坚决反对。（商务部）,2026-09-09 13:38:13,https://news.10jqka.com.cn/20260909/c679755512.shtml
美股开盘：美股三大指数集体低开,美股三大指数集体低开，标普500指数跌0.3%，道指跌0.43%，纳指跌0.43%。大型科技股方面，Meta涨4.78%，SpaceX跌1.17%，亚马逊跌1.65%，谷歌A跌2.93%。中概股方面，阿里巴巴跌1.05%，小鹏集团跌1.19%，京东跌1.66%，哔哩哔哩跌1.79%，理想汽车跌2.41%，网易跌2.65%。,2026-09-09 13:30:40,https://news.10jqka.com.cn/20260909/c679755406.shtml
英国航班管理系统故障致1900多次航班被取消,英国方面9日消息，英国航班管理系统8日发生的故障已导致超1900次航班被取消。英国全国空中交通管理公司已确认该故障并非网络攻击所致。航空数据分析公司的信息显示，此次故障导致数万名旅客行程受到影响，8日共有超过1750次航班被取消，9日已有153次航班被取消。英国全国空中交通管理公司方面将此次事件归咎于技术故障。该公司首席执行官马丁·罗尔夫说，“目前我们已经排除了网络攻击的可能”。（央视新闻）,2026-09-09 13:28:30,https://news.10jqka.com.cn/20260909/c679755381.shtml
现货白银涨超3%,现货白银涨超3%，现报67.55美元/盎司。,2026-09-09 13:26:40,https://news.10jqka.com.cn/20260909/c679755359.shtml
现货黄金站上4430美元/盎司,现货黄金站上4430美元/盎司，日内涨1.73%。,2026-09-09 13:25:56,https://news.10jqka.com.cn/20260909/c679755352.shtml
Meta美股盘前涨超6%,Meta美股盘前涨超6%，现报650.49美元。,2026-09-09 13:19:03,https://news.10jqka.com.cn/20260909/c679755237.shtml
伊朗谴责美军袭击伊朗船只称已回以打击,伊朗外交部9日发表声明，谴责美军8日对数艘伊朗船只发动袭击。作为回应，伊朗武装部队已对美国军事基地和船只实施打击。 声明称，美军在波斯湾和阿曼湾对伊朗船只发动袭击，是美方对伊军事行动、海上封锁和经济战的一部分，违反《联合国宪章》和国际法，加剧地区紧张局势，威胁地区和国际和平与安全。 声明称，针对美方袭击伊朗船只，伊朗武装部队已对美国在地区内的军事基地和设施实施打击，并对数艘美方船只实施“防御性打击”。声明还称，伊朗武装部队在行使合法自卫权时“不会有任何犹豫”，将以适当方式对敌人的一切军事侵略作出坚决回应。 伊朗外交部同时敦促联合国安理会和联合国秘书长立即采取行动，制止美方公然破坏国际和平与安全的对伊军事行动。 美军中央司令部8日在社交媒体发布消息说，在伊朗对一艘美军舰发动攻击后，美军当天摧毁了5艘伊朗油轮。伊朗伊斯兰革命卫队9日发表声明称，作为对美军在波斯湾打击伊朗油轮的回应，革命卫队当天对两艘美国军舰和8艘油轮实施打击，还对10艘违规船只实施了打击。美军中央司令部随后在社交媒体上发文否认其海军舰艇被伊朗袭击。(新华社),2026-09-09 13:07:12,https://news.10jqka.com.cn/20260909/c679755020.shtml
塞尔维亚总统武契奇解散议会宣布下月选举,塞尔维亚总统武契奇9日签署总统令解散议会并宣布提前选举，确定10月25日为选举日。 武契奇当天中午发表电视讲话，宣布签署解散议会的总统令并确定选举日期。他说，此举旨在缓解国内持续的政治紧张局势，作为总统，他始终以塞尔维亚国家和人民利益为重，并相信塞尔维亚人民会选择正确道路。 武契奇呼吁各参选方和选民以和平、理性的方式参与为期45天的竞选活动，尊重不同政治观点选民作出的选择。 5日，塞尔维亚前进党总委员会决定，推举现任总统武契奇为该党议会选举名单领衔人和总理候选人。武契奇接受推举，并表示将在完成近期国事活动和出访后辞去总统职务，参加议会选举。 塞尔维亚议会选举每4年举行一次。本届议会于2023年12月选举产生。(新华社),2026-09-09 13:05:32,https://news.10jqka.com.cn/20260909/c679754995.shtml
期市夜盘开盘，国内期货主力合约多数上涨,期市夜盘开盘，国内期货主力合约多数上涨。涨幅方面，原油涨超4%，燃油涨超3%，纯苯、丙烯、低硫燃油、沥青、苯乙烯、LPG涨超2%，乙二醇、聚丙烯涨超1%。跌幅方面，纸浆跌超1%。,2026-09-09 13:00:03,https://news.10jqka.com.cn/20260909/c679754861.shtml
